frame,time_s,violations,L_is_punch,R_is_punch,L_wrist_mouth_span_ema,R_wrist_mouth_span_ema,L_vel,R_vel,L_elbow_deg,R_elbow_deg,L_waist_block,R_waist_block
0,0.0,,0,0,2.19680488918129,1.9067680177525672,0.0,0.0,161.0415473480313,167.0143840820823,1,0
1,0.03333333333333333,,0,0,2.198966723227829,1.91340977849826,0.002161834046539024,0.006641760745692782,160.50527047628213,167.23208122380956,1,0
2,0.06666666666666667,,0,0,2.2057052017428296,1.9248991204629315,0.006738478515000423,0.011489341964671551,161.97538692234005,167.5964098477155,1,0
3,0.1,,0,0,2.216268299239471,1.9352150580770524,0.010563097496641305,0.010315937614120863,163.40055192743736,167.36291445480424,1,0
4,0.13333333333333333,,0,0,2.2309279832512177,1.9467176851202261,0.014659684011746776,0.01150262704317373,165.40559947384682,167.2667261448523,1,0
5,0.16666666666666666,,0,0,2.2467908289780736,1.9585030226371818,0.015862845726855923,0.011785337516955652,167.33279108601562,167.04865448721267,1,0
6,0.2,,0,0,2.2628698649634686,1.9688375091341181,0.016079035985395063,0.010334486496936357,170.1209789048316,166.72719139129677,1,0
7,0.23333333333333334,,0,0,2.279840894558678,1.9806460078187644,0.01697102959520924,0.011808498684646285,172.9924330368396,166.9051664528027,1,0
8,0.26666666666666666,,0,0,2.2934620518406965,1.988567817738085,0.013621157282018626,0.007921809919320566,173.80704104277868,167.1413199390415,1,0
9,0.3,,0,0,2.304788849807531,1.99418829683344,0.011326797966834334,0.005620479095354902,174.5498226278975,167.24195928563358,1,0
10,0.3333333333333333,,0,0,2.3126537852437306,1.9970135329502634,0.007864935436199705,0.002825236116823504,174.2741587085987,167.1137730983586,1,0
11,0.36666666666666664,,0,0,2.317746487919969,1.9994308536490166,0.005092702676238403,0.0024173206987532225,173.96723294468745,167.58329982094597,1,0
12,0.4,,0,0,2.3208229252543844,2.0022857119542343,0.003076437334415427,0.0028548583052177,173.7322417046121,168.21514623226938,1,0
13,0.43333333333333335,,0,0,2.3223185869666327,2.005376982399461,0.0014956617122483529,0.0030912704452266127,173.20941469784114,168.98495281029662,1,0
14,0.4666666666666667,,0,0,2.322540678884529,2.0054304276410684,0.00022209191789634986,5.3445241607441574e-05,172.73841851750504,169.69855232132807,1,0
15,0.5,,0,0,2.3234135815610135,2.0049838374265527,0.0008729026764844328,-0.00044659021451565195,172.0350118484494,169.60813764145482,1,0
16,0.5333333333333333,,0,0,2.323837499802126,2.002952769386666,0.00042391824111254195,-0.00203106803988673,171.7578080645305,170.01585615538508,1,0
17,0.5666666666666667,,0,0,2.3220099332283657,2.001178872559655,-0.0018275665737603752,-0.0017738968270109012,168.92363539548273,170.24871182401876,1,0
18,0.6,,0,0,2.319478181660683,1.998880898924913,-0.002531751567682594,-0.0022979736347421564,167.1272403556457,170.4096604276435,1,0
19,0.6333333333333333,,0,0,2.317034555900044,1.9979602847505968,-0.0024436257606392786,-0.0009206141743161034,166.14604826761536,170.5669730444467,1,0
20,0.6666666666666666,,0,0,2.31465412195842,1.9979214302084278,-0.002380433941624016,-3.8854542169008965e-05,165.04114108138506,170.58021383467235,1,0
21,0.7,,0,0,2.3119484326695523,1.998145753531737,-0.0027056892888674966,0.000224323323309239,164.2453657819918,170.5870186387346,1,0
22,0.7333333333333333,,0,0,2.309555362690473,1.9996574654486285,-0.0023930699790795096,0.0015117119168914783,164.19005532875178,170.70466055945835,1,0
23,0.7666666666666667,,0,0,2.307861632892232,2.0025427909505953,-0.001693729798240895,0.00288532550196674,163.81757997842726,170.89495474896498,1,0
24,0.8,,0,0,2.30720957983264,2.0060111671470597,-0.0006520530595919283,0.003468376196464451,163.6712636114829,170.1400862388733,1,0
25,0.8333333333333334,,0,0,2.3084266203770016,2.010234294738332,0.0012170405443616694,0.004223127591272302,163.5132463997862,169.92098529375707,1,0
26,0.8666666666666667,,0,0,2.310190636474614,2.011686222996176,0.001764016097612231,0.001451928257843793,163.58997858044947,169.10533940685025,1,0
27,0.9,,0,0,2.3125608952825636,2.014393048257398,0.002370258807949721,0.0027068252612223453,163.82915160613382,168.84016715344097,1,0
28,0.9333333333333333,,0,0,2.3146648737724975,2.0173186021601492,0.002103978489933933,0.0029255539027510657,164.08885091154866,168.6158506017085,1,0
29,0.9666666666666667,,0,0,2.3166443776817323,2.021386265897346,0.0019795039092347366,0.004067663737196803,164.0341184927483,168.4527421308173,1,0
30,1.0,,0,0,2.3184547601667385,2.0256130096814964,0.0018103824850062011,0.004226743784150333,163.98031069468226,168.3507384867913,1,0
31,1.0333333333333334,,0,0,2.3205610245300896,2.0291369522768723,0.0021062643633511513,0.0035239425953759174,163.9476360686294,168.24161176422206,1,0
32,1.0666666666666667,,0,0,2.3228884060904815,2.031587918146346,0.002327381560391917,0.002450965869473798,164.19387891880663,168.23094149088638,1,0
33,1.1,,0,0,2.326299934570737,2.033088548904428,0.003411528480255388,0.0015006307580818223,164.31539960509926,168.21614954701695,1,0
34,1.1333333333333333,,0,0,2.32982337154447,2.0339786385974405,0.0035234369737331406,0.0008900896930126301,164.47519884156472,168.1976018354514,1,0
35,1.1666666666666667,,0,0,2.3337683981277033,2.0351010474371414,0.003945026583233258,0.001122408839700828,165.06298678029276,168.1129482492102,1,0
36,1.2,,0,0,2.3370312821020782,2.035448282297975,0.0032628839743749083,0.00034723486083354516,165.38771980699744,167.88128561544713,1,0
37,1.2333333333333334,,0,0,2.3396774297747402,2.0358561005628277,0.0026461476726620248,0.0004078182648528106,165.6658579466789,167.83193242304864,1,0
38,1.2666666666666666,,0,0,2.3416748322878176,2.0365945230093434,0.00199740251307734,0.0007384224465156741,165.91504551185386,167.80414454033598,1,0
39,1.3,,0,0,2.343227058603868,2.036989164005883,0.0015522263160505645,0.0003946409965394082,166.07189306215477,167.8455821940013,1,0
40,1.3333333333333333,,0,0,2.3460244303071445,2.0395304595889496,0.002797371703276319,0.002541295583066816,166.04663262254272,168.0869961041632,1,0
41,1.3666666666666667,,0,0,2.349324747829094,2.0426604458182602,0.0033003175219494807,0.0031299862293105996,166.0231418314888,168.07788385216554,1,0
42,1.4,,0,0,2.35308659363487,2.046616806280979,0.0037618458057759874,0.003956360462718855,165.71136645776966,168.1662863751851,1,0
43,1.4333333333333333,,0,0,2.3566390764192935,2.0509210770067754,0.0035524827844235496,0.004304270725796311,165.39178148782742,168.17086686513133,1,0
44,1.4666666666666666,,0,0,2.359672008148414,2.055208411369063,0.0030329317291206692,0.004287334362287787,165.34964786133068,168.18872248045167,1,0
45,1.5,,0,0,2.3614249168138017,2.058305020622194,0.0017529086653875758,0.003096609253130822,165.4508548851886,168.1878215603807,1,0
46,1.5333333333333334,,0,0,2.362930323521614,2.061327813309501,0.0015054067078121847,0.0030227926873069855,165.464265170767,168.1705336796378,1,0
47,1.5666666666666667,,0,0,2.3635432311214593,2.0634579783403724,0.0006129075998453359,0.002130165030871378,165.51027308908547,168.07403264110354,1,0
48,1.6,,0,0,2.3633876235112465,2.064827105003411,-0.00015560761021271574,0.0013691266630386778,165.5276859421448,167.9277673797575,1,0
49,1.6333333333333333,,0,0,2.3625514663674427,2.0654270663371297,-0.0008361571438038062,0.000599961333718646,165.54109756544554,167.79690437175714,1,0
50,1.6666666666666667,,0,0,2.360719789149988,2.065235584804552,-0.001831677217454697,-0.00019148153257786404,165.57368616141935,167.68177569556687,1,0
51,1.7,,0,0,2.357871658389041,2.0643885476706902,-0.002848130760947143,-0.0008470371338615834,165.5727677658166,167.66974371342593,1,0
52,1.7333333333333334,,0,0,2.3543565747562556,2.0633507469999204,-0.0035150836327852986,-0.0010378006707698617,165.55639702730107,167.66501088966993,1,0
53,1.7666666666666666,,0,0,2.3506113614779576,2.0622975941234856,-0.0037452132782980208,-0.0010531528764348153,165.54659697808728,167.64459709251472,1,0
54,1.8,,0,0,2.3460857159556783,2.0618657972568366,-0.004525645522279298,-0.0004317968666489591,165.5612584042872,167.61870436076472,1,0
55,1.8333333333333333,,0,0,2.340958120751845,2.0607135278490363,-0.005127595203833213,-0.0011522694078003326,165.61775415992273,167.62287802907105,1,0
56,1.8666666666666667,,0,0,2.3363777241594423,2.059648237464188,-0.0045803965924027246,-0.0010652903848482609,165.5907622945476,167.5544105319653,1,0
57,1.9,,0,0,2.331992209804508,2.057768527853168,-0.004385514354934283,-0.0018797096110199085,165.6793686085436,167.54810523835303,1,0
58,1.9333333333333333,,0,0,2.328941578455989,2.057450360936069,-0.0030506313485192393,-0.000318166917099294,165.77276640590685,167.41086447485608,1,0
59,1.9666666666666666,,0,0,2.328167543855833,2.0563061963588574,-0.000774034600155904,-0.0011441645772114484,165.86902051909297,166.89608025629303,1,0
60,2.0,,0,0,2.3347618599829647,2.0593295444534006,0.006594316127131794,0.003023348094543188,165.9359419211277,166.4450139898928,1,0
61,2.033333333333333,,0,0,2.3455938957544755,2.064788417457774,0.010832035771510817,0.005458873004373643,166.11124813407335,166.26908354918405,1,0
62,2.066666666666667,,0,0,2.3661265682914365,2.0765448240241025,0.020532672536961005,0.011756406566328259,165.45845618843663,166.0312601714291,1,0
63,2.1,,0,0,2.387341361220873,2.085525544411091,0.0212147929294364,0.008980720386988494,165.17459552471573,166.12287664288388,1,0
64,2.1333333333333333,,0,0,2.4088752394268456,2.092186632569745,0.021533878205972634,0.0066610881586539605,164.71227200688466,165.6715008226924,1,0
65,2.1666666666666665,,0,0,2.4369608204481645,2.089992343199192,0.028085581021318973,-0.002194289370553104,164.6155190244194,164.90291229211934,1,0
66,2.2,,0,0,2.4676950410355905,2.0906576470404232,0.03073422058742592,0.0006653038412314238,164.51684863550028,164.24807022872625,1,0
67,2.2333333333333334,,0,0,2.4935592242571296,2.0733429289847622,0.02586418322153916,-0.017314718055660983,162.90854025401987,162.92424588188146,1,0
68,2.2666666666666666,,0,0,2.5139274965322236,2.0578868167429896,0.020368272275093968,-0.01545611224177268,160.068699888421,162.47930492765443,1,0
69,2.3,,0,0,2.5293281400672045,2.044793019075046,0.01540064353498094,-0.013093797667943718,156.36075347067737,161.34242523574838,1,0
70,2.3333333333333335,,0,0,2.5398741617264906,2.0344301953742994,0.010546021659286087,-0.010362823700746482,154.23638125216206,160.81197322528607,1,0
71,2.3666666666666667,,0,0,2.5469261561932344,2.0317544267755805,0.007051994466743761,-0.002675768598718875,152.95268552643535,161.22014376787703,1,0
72,2.4,,0,0,2.5529713849230333,2.0323216876569585,0.006045228729798957,0.00056726088137804,154.0081043454435,161.626386960479,1,0
73,2.433333333333333,,0,0,2.5569746085645773,2.0324581773541777,0.004003223641543929,0.00013648969721913318,154.414870245929,162.4704248062935,1,0
74,2.466666666666667,,0,0,2.5593651561192936,2.0322934766001413,0.002390547554716349,-0.0001647007540364065,154.68059463183667,163.4934264054336,1,0
75,2.5,,0,0,2.5584116742376573,2.0325125109875137,-0.0009534818816363533,0.00021903438737247427,153.75595608417797,163.7860929798645,1,0
76,2.533333333333333,,0,0,2.5558949092089636,2.0363589905014425,-0.0025167650286936905,0.003846479513928802,153.25007119257194,164.38978760570527,1,0
77,2.566666666666667,,0,0,2.554842628601327,2.045438783830455,-0.0010522806076367353,0.009079793329012542,154.57356113734133,164.92682086861493,1,0
78,2.6,,0,0,2.5494233552025722,2.0518862248123284,-0.005419273398754587,0.006447440981873331,155.7198947141581,164.81572725900335,1,0
79,2.6333333333333333,,0,0,2.543519700759401,2.056703795698663,-0.005903654443171202,0.004817570886334721,156.6578911313645,165.783303087862,1,0
80,2.6666666666666665,,0,0,2.5501411574173445,2.075601297513134,0.0066214566579434475,0.018897501814470807,157.1625200042245,168.16044254207517,1,0
81,2.7,,0,0,2.558716954456519,2.0936639993070765,0.00857579703917466,0.018062701793942537,158.90075919784687,169.3977414702737,1,0
82,2.7333333333333334,,0,0,2.5732501876082154,2.1146457250959383,0.014533233151696301,0.020981725788861816,159.71663984804857,169.7384463792634,1,0
83,2.7666666666666666,,0,0,2.59645152781695,2.1463162995433542,0.023201340208734766,0.031670574447415945,162.71803735939267,169.8932349605122,1,0
84,2.8,,0,0,2.62807383040593,2.1832434988440013,0.03162230258897969,0.03692719930064703,165.97526128011006,168.65116530078615,1,0
85,2.8333333333333335,,0,0,2.665780198677106,2.2161686176661566,0.03770636827117624,0.03292511882215532,167.1197159831274,168.50393305351378,1,0
86,2.8666666666666667,GuardAway(L),0,1,2.7091944842867637,2.2491892007752714,0.043414285609657544,0.03302058310911482,168.19766862246254,167.96778946559573,1,0
87,2.9,GuardAway(L),0,1,2.7493926027278386,2.282550033788517,0.040198118441074904,0.03336083301324555,166.91710998130026,168.06390633403618,1,0
88,2.933333333333333,GuardAway(L),0,1,2.7702116025606234,2.305776201554862,0.02081899983278479,0.023226167766345007,167.18372690471864,166.89594468830404,1,0
89,2.966666666666667,GuardAway(L),0,1,2.7807216879895305,2.325291321054434,0.010510085428907079,0.019515119499572187,165.6687549951617,166.33412309582994,1,0
90,3.0,GuardAway(L),0,1,2.7884580540155683,2.3362573581144175,0.007736366026037889,0.010966037059983336,165.1512699778167,165.77989659576946,1,0
91,3.033333333333333,GuardAway(L),0,1,2.789998958845892,2.3373951267095254,0.0015409048303238748,0.0011377685951079464,164.1542575880785,166.9913487536782,1,0
92,3.066666666666667,GuardAway(L),0,1,2.777897088623644,2.3227297364539563,-0.012101870222248401,-0.014665390255569122,163.74713496604113,168.11757481528883,1,0
93,3.1,GuardAway(L),0,1,2.7579284513289135,2.301112183665735,-0.019968637294730307,-0.021617552788221417,164.47731702516373,168.94705319574777,1,0
94,3.1333333333333333,GuardAway(L),0,1,2.731003374058936,2.2818255176304536,-0.026925077269977393,-0.019286666035281286,165.46026530009198,171.90398196771065,1,0
95,3.1666666666666665,GuardAway(L),0,1,2.7113220793306194,2.2790182095120977,-0.0196812947283167,-0.0028073081183559445,165.31140307437158,173.39443248194215,1,0
96,3.2,GuardAway(L),0,1,2.693833006505124,2.2855423588080273,-0.017489072825495278,0.006524149295929593,164.96549149763257,173.84772710593845,1,0
97,3.2333333333333334,GuardAway(L),0,1,2.6823839428428617,2.291444396838191,-0.011449063662262393,0.005902038030163759,164.02346937043052,173.69403852501543,1,0
98,3.2666666666666666,GuardAway(L),0,1,2.672688516214726,2.2965455216854727,-0.009695426628135717,0.005101124847281646,163.65876903845265,174.3000952728679,0,0
99,3.3,GuardAway(L),0,1,2.6647223979217176,2.2993498160692276,-0.007966118293008417,0.002804294383754957,163.01436781788627,172.25052709373426,0,0
100,3.3333333333333335,GuardAway(L),0,1,2.6575697051296485,2.3002983032106505,-0.007152692792069093,0.0009484871414229268,162.21342773595222,171.00710586154895,0,0
101,3.3666666666666667,GuardAway(L),0,1,2.6515710909006285,2.300736748530415,-0.005998614229020038,0.0004384453197645577,161.38428497801348,169.71229226505747,0,0
102,3.4,GuardAway(L),0,1,2.6483123288724815,2.3013668104057885,-0.003258762028147011,0.0006300618753734,160.88568584318352,169.40934856104718,0,0
103,3.433333333333333,GuardAway(L),0,1,2.6466653824593616,2.3033403778896058,-0.0016469464131199096,0.0019735674838172734,160.25740621415386,168.5907387187788,0,0
104,3.466666666666667,GuardAway(L),0,1,2.6458101418089153,2.308146787376119,-0.0008552406504462873,0.004806409486513008,159.241717601131,167.879382504474,0,0
105,3.5,GuardAway(L),0,1,2.6435377949131187,2.3165913466277672,-0.0022723468957965842,0.008444559251648442,158.28058574045474,167.49872214085184,0,0
106,3.533333333333333,GuardAway(L),0,1,2.6393019444132544,2.3222339054866983,-0.004235850499864302,0.005642558858931057,157.86131780651135,167.55821423910297,0,0
107,3.566666666666667,GuardAway(L),0,1,2.63859637218489,2.3290769488288166,-0.0007055722283642041,0.006843043342118271,157.38748000126543,168.1393385175462,0,0
108,3.6,GuardAway(L),0,1,2.6370576852804457,2.3358092181399086,-0.001538686904444475,0.006732269311092054,157.26777571704125,168.0837539353974,0,0
109,3.6333333333333333,GuardAway(L),0,1,2.632859348721235,2.3413802781296855,-0.004198336559210869,0.005571059989776916,155.7770064765807,167.76601957036434,0,0
110,3.6666666666666665,GuardAway(L),0,1,2.626405570912881,2.3456303772134146,-0.006453777808353767,0.004250099083729086,155.12129752559633,168.66130492819426,0,0
111,3.7,GuardAway(L),0,1,2.6190277307060046,2.3370745481277884,-0.007377840206876485,-0.008555829085626243,154.66250561204222,168.40775486105682,0,0
112,3.7333333333333334,GuardAway(L),0,1,2.6137167317384815,2.3156319849996314,-0.005310998967523073,-0.021442563128156955,154.4976498629242,167.43778006228857,0,0
113,3.7666666666666666,GuardAway(L),0,1,2.6059710520807533,2.291826918983777,-0.0077456796577282105,-0.023805066015854415,154.42958312107925,167.38716419742536,0,0
114,3.8,GuardAway(L),0,1,2.6025479706069294,2.273346070558961,-0.0034230814738238635,-0.01848084842481601,154.4227240406646,167.1378830004274,0,0
115,3.8333333333333335,GuardAway(L),0,1,2.6049088438510757,2.256272550062955,0.0023608732441462443,-0.01707352049600619,154.82254869150074,166.41369301211665,0,0
116,3.8666666666666667,GuardAway(L),0,1,2.6288692779883274,2.245407557394543,0.023960434137251685,-0.010864992668411677,155.64783097915424,166.20342821843542,0,0
117,3.9,GuardAway(L),0,1,2.6620459982868216,2.2428169223769174,0.03317672029849428,-0.0025906350176256865,157.01768138616063,166.59404743655628,1,0
118,3.933333333333333,GuardAway(L),0,1,2.6962403101445815,2.242495446930894,0.034194311857759896,-0.0003214754460234559,157.6234154033281,166.54427766758093,1,0
119,3.966666666666667,GuardAway(L),0,1,2.723008651454057,2.24284558127117,0.026768341309475474,0.000350134340275865,157.7575867731172,166.46827409096025,1,0
120,4.0,GuardAway(L),0,1,2.75157431495035,2.248626970217245,0.02856566349629297,0.005781388946075161,158.69530943750345,166.76504149384903,1,0
121,4.033333333333333,GuardAway(L),0,1,2.772991082217901,2.2560837423742646,0.02141676726755115,0.007456772157019564,158.77060407361293,166.79375684533642,1,0
122,4.066666666666666,GuardAway(L),0,1,2.793229109592701,2.263304989311366,0.02023802737479974,0.0072212469371013555,158.85100955352445,166.58421145596736,1,0
123,4.1,GuardAway(L),0,1,2.8219726533734075,2.2768258409435087,0.02874354378070665,0.013520851632142783,158.21221304034526,166.16050344811887,1,0
124,4.133333333333334,GuardAway(L),0,1,2.8564991464213483,2.292934908921414,0.034526493047940754,0.016109067977905234,157.73597981728457,166.20325637306587,1,0
125,4.166666666666667,GuardAway(L),0,1,2.881152561142358,2.302249487567212,0.024653414721009792,0.00931457864579821,157.7663488567325,166.3403979122853,1,0
126,4.2,GuardAway(L),0,1,2.900736641517766,2.3077238024338276,0.01958408037540771,0.005474314866615426,158.69399354712894,166.3177698079341,1,0
127,4.233333333333333,GuardAway(L),0,1,2.9194094921389153,2.312459455316895,0.01867285062114954,0.004735652883067321,159.28417483711297,166.5748091067574,1,0
128,4.266666666666667,GuardAway(L),0,1,2.945460230633668,2.314005675394828,0.02605073849475259,0.001546220077933036,160.29822019170066,165.6731706481031,1,0
129,4.3,GuardAway(L),0,1,2.9700171071083448,2.3132198877937435,0.02455687647467686,-0.0007857876010843867,157.95843151603248,164.72355755173874,1,0
130,4.333333333333333,GuardAway(L),0,1,3.05741960011269,2.364819586733459,0.08740249300434533,0.05159969893971539,154.84427190425035,162.7061661925736,1,0
131,4.366666666666666,GuardAway(L),0,1,3.24711571218392,2.5008047725583067,0.18969611207122972,0.13598518582484775,145.09281302237648,156.04795900085676,1,0
132,4.4,GuardAway(L),0,1,3.426393033165578,2.621276885166342,0.17927732098165805,0.12047211260803525,143.50024582495575,152.8679202560107,1,0
133,4.433333333333334,GuardAway(L),0,1,3.5636748702619068,2.7079175350480695,0.1372818370963289,0.0866406498817276,144.42894968201858,150.7495319349499,1,0
134,4.466666666666667,ElbowBent(R);GuardAway(L),0,1,3.6727590364160694,2.7758638598915004,0.10908416615416261,0.06794632484343088,146.60938801660848,145.33311521894817,1,0
135,4.5,ElbowBent(R);GuardAway(L),0,1,3.6995749171244565,2.8033130878526413,0.02681588070838714,0.02744922796114091,137.8576056885553,142.64085854404524,1,0
136,4.533333333333333,ElbowBent(R);GuardAway(L),0,1,3.7010559047209606,2.848645906761138,0.0014809875965040575,0.04533281890849672,138.62683763588404,144.17009662308945,0,0
137,4.566666666666666,GuardAway(L),0,1,3.5455864439125206,2.8682155509217466,-0.15546946080843993,0.01956964416060858,122.75852939775,153.8942359496313,0,0
138,4.6,GuardAway(L),0,1,3.3659093766082133,2.8651791568224714,-0.17967706730430733,-0.0030363940992752525,123.08802131378512,153.11481510280694,0,0
139,4.633333333333334,ElbowBent(R);GuardAway(L),0,1,3.1305926243062387,2.82050975283277,-0.23531675230197457,-0.04466940398970154,101.9535847560673,128.74626793094257,0,0
140,4.666666666666667,ElbowBent(R);GuardAway(L),0,1,2.753562619283136,2.5941576475911132,-0.3770300050231028,-0.2263521052416566,86.95940265151926,81.21889973776194,0,0
141,4.7,ElbowBent(R);GuardAway(L),0,1,2.3384142176749267,2.279736222565286,-0.4151484016082092,-0.31442142502582726,80.92686492582027,34.79961493317936,0,0
142,4.733333333333333,ElbowBent(R);GuardAway(L),0,1,1.9743928958823367,1.9755804524856557,-0.36402132179259006,-0.30415577007963024,69.01506495509122,54.87965387799643,0,0
143,4.766666666666667,ElbowBent(R);GuardAway(L),0,1,1.6487318121579104,1.721039300540918,-0.32566108372442626,-0.2545411519447378,69.43833350432645,60.631492952172366,0,0
144,4.8,ElbowBent(R);GuardAway(L),0,1,1.4155225299659344,1.5191752703986903,-0.233209282191976,-0.20186403014222765,63.48056366600526,58.635879037856675,0,0
145,4.833333333333333,ElbowBent(R);GuardAway(L),0,1,1.2371945950254597,1.349533356023205,-0.17832793494047472,-0.16964191437548526,62.79992188281527,54.29201762873724,0,0
146,4.866666666666666,ElbowBent(R);GuardAway(L),0,1,1.0995041482894807,1.2272486570315477,-0.13769044673597897,-0.12228469899165728,64.07002141645276,59.619153089879816,0,0
147,4.9,ElbowBent(R);GuardAway(L),0,1,1.019791138743467,1.1326558843794916,-0.07971300954601368,-0.09459277265205612,65.14851967588498,54.4935812826557,0,0
148,4.933333333333334,ElbowBent(R);GuardAway(L),0,1,0.9317847563252952,1.0767589851346007,-0.08800638241817182,-0.05589689924489094,74.97012069690797,70.4380665638596,0,0
149,4.966666666666667,ElbowBent(R);GuardAway(L),0,1,0.8658458468872877,1.0596134899677148,-0.06593890943800751,-0.017145495166885905,88.7220018148371,111.8949387713231,0,0
150,5.0,ElbowBent(R);GuardAway(L),0,1,0.849888704524643,1.0804399175848904,-0.015957142362644672,0.02082642761717568,96.96292602639517,93.62203145515012,0,0
151,5.033333333333333,ElbowBent(R);GuardAway(L),0,1,0.847231103514352,1.0833125607065281,-0.0026576010102909997,0.002872643121637708,99.02525977703225,92.49254414721862,0,0
152,5.066666666666666,ElbowBent(R);GuardAway(L),0,1,0.8821698461909543,1.0895603970294219,0.03493874267660224,0.006247836322893718,87.1764239475414,84.64286246137854,0,0
153,5.1,ElbowBent(R);GuardAway(L),0,1,0.9101095517155228,1.099645142655313,0.02793970552456848,0.010084745625891234,71.29525121318702,81.73012963538451,0,0
154,5.133333333333334,ElbowBent(R);GuardAway(L),0,1,0.86364581804035,1.1157434450308654,-0.04646373367517276,0.01609830237555232,73.10633169782683,84.91185903655125,0,0
155,5.166666666666667,ElbowBent(R);GuardAway(L),0,1,0.9231158299571827,1.247189399502811,0.059470011916832655,0.13144595447194551,67.50883097508118,89.17079286562416,0,0
156,5.2,ElbowBent(R);GuardAway(L),0,1,1.167291955070686,1.5204040057121349,0.24417612511350328,0.2732146062093239,96.3791438851726,113.32410321147633,0,0
157,5.233333333333333,ElbowBent(R);GuardAway(L),0,1,2.474545820539558,2.475021698209628,1.3072538654688721,0.954617692497493,98.00464217284075,124.12905794587253,0,0
158,5.266666666666667,ElbowBent(L);GuardAway(L);GuardAway(R),1,1,3.024772212276405,3.4050491150271682,0.5502263917368468,0.9300274168175404,145.13485476132573,150.31750865052885,0,0
159,5.3,ElbowBent(L);GuardAway(L);GuardAway(R),1,1,2.9505686704348424,3.4386496942220415,-0.07420354184156253,0.03360057919487325,147.7344493305592,157.66175163090756,0,0
160,5.333333333333333,GuardAway(L);GuardAway(R),1,1,2.603014066731709,3.1630667114882534,-0.3475546037031334,-0.2755829827337881,153.19557636437858,162.32222666719005,0,0
161,5.366666666666666,ElbowBent(L);GuardAway(L);GuardAway(R),1,1,2.220610553876873,2.864357984680029,-0.382403512854836,-0.29870872680822425,133.68742469094678,156.55296832745242,0,0
162,5.4,ElbowBent(L);ElbowBent(R);GuardAway(L);GuardAway(R),1,1,1.904022896616962,2.5837701514165827,-0.3165876572599111,-0.2805878332634464,98.87462144958829,132.90934770994332,0,0
163,5.433333333333334,ElbowBent(L);ElbowBent(R);GuardAway(L);GuardAway(R),1,1,1.5298198716738534,2.191925659923571,-0.37420302494310853,-0.3918444914930119,78.14474694267484,67.3210749461649,0,0
164,5.466666666666667,ElbowBent(L);ElbowBent(R);GuardAway(L);GuardAway(R),1,1,1.2640346905832,1.8505152136041798,-0.2657851810906533,-0.341410446319391,55.82566354373271,66.80714856193033,0,0
165,5.5,ElbowBent(L);ElbowBent(R);GuardAway(L);GuardAway(R),1,1,1.0698239755432277,1.6070329707861606,-0.19421071503997234,-0.24348224281801922,51.45295020717873,65.76273029879027,0,0
166,5.533333333333333,ElbowBent(L);GuardAway(L);GuardAway(R),1,1,0.949146355156904,1.4914182316310494,-0.12067762038632368,-0.11561473915511122,44.25778814226174,177.25554830463068,0,0
167,5.566666666666666,ElbowBent(L);GuardAway(L);GuardAway(R),1,1,0.8475358321408171,1.405117309681262,-0.10161052301608697,-0.08630092194978745,44.62615978942236,161.49883978850585,0,0
168,5.6,ElbowBent(L);GuardAway(L);GuardAway(R),1,1,0.7650717830100009,1.353886100424335,-0.08246404913081617,-0.051231209256926924,47.232174792480876,152.66976800010565,0,0
169,5.633333333333334,ElbowBent(R);GuardAway(L),0,1,0.7020719298070804,1.1811791571508357,-0.06299985320292045,-0.17270694327349934,45.6935630631589,28.438262196235858,0,0
170,5.666666666666667,ElbowBent(R);GuardAway(L),0,1,0.651731835504126,1.0540367468136103,-0.0503400943029545,-0.1271424103372254,46.06412612076155,35.08749910316353,0,0
171,5.7,ElbowBent(R);GuardAway(L),0,1,0.6111035161777459,0.8945386844209318,-0.04062831932638,-0.1594980623926785,46.560531128725835,15.039602638891035,0,0
172,5.733333333333333,ElbowBent(R);GuardAway(L),0,1,0.5812329916960439,0.7823537189153641,-0.02987052448170202,-0.11218496550556767,49.07256458933831,20.92767994915845,0,0
173,5.766666666666667,,0,0,0.5598709775616311,0.729875144040995,-0.021362014134412854,-0.05247857487436913,50.566482964940526,32.45447167105999,0,0
174,5.8,,0,0,0.5456479910191707,0.7023180719005018,-0.014222986542460347,-0.02755707214049319,49.84394693064851,35.868931730597915,0,0
175,5.833333333333333,,0,0,0.5345741287265566,0.6844533491647652,-0.01107386229261409,-0.017864722735736582,50.59429826869527,38.87122970875787,0,0
176,5.866666666666666,,0,0,0.5470909417919331,0.673839050594236,0.012516813065376442,-0.010614298570529201,53.28488686994232,35.68139547127626,0,0
177,5.9,,0,0,0.6639400338186965,0.6728791096222501,0.11684909202676341,-0.0009599409719859286,62.97405120020924,37.510272526487974,0,0
178,5.933333333333334,,0,0,0.7836145784871387,0.6680202931964165,0.11967454466844218,-0.004858816425833523,75.35800053278398,49.731681406260435,0,0
179,5.966666666666667,,0,0,0.9436707598464857,0.6928789702385445,0.16005618135934707,0.024858677042127963,95.74623084626825,59.31464187969426,0,0
180,6.0,,0,0,1.1788351212425565,0.7468675140018197,0.23516436139607078,0.05398854376327522,113.61625282817728,68.69831150908651,0,0
181,6.033333333333333,,0,0,1.4552992314804112,0.8090930125715622,0.27646411023785467,0.062225498569742466,112.14829276094954,73.21438796583006,0,0
182,6.066666666666666,ElbowBent(L);GuardAway(R),1,0,1.8063923874878367,0.8420599464294104,0.3510931560074255,0.03296693385784821,124.4949206452259,73.32193181686024,0,0
183,6.1,ElbowBent(L);GuardAway(R),1,0,2.2577302771559293,0.792126613555984,0.45133788966809263,-0.049933332873426384,119.8404337105561,96.86800918199246,0,0
184,6.133333333333334,ElbowBent(L);GuardAway(R),1,0,2.9657693828001164,0.7213257293616646,0.708039105644187,-0.0708008841943194,119.4595324766323,85.66792298474276,0,0
185,6.166666666666667,ElbowBent(L);GuardAway(R),1,0,3.3508196847785285,2.09079585621458,0.38505030197841217,1.3694701268529155,56.671431874881584,152.98744847460463,0,0
186,6.2,ElbowBent(L);GuardAway(R),1,0,3.351506555098492,4.8451787718792865,0.0006868703199636172,2.7543829156647064,22.184003608666192,179.6483408635862,0,0
187,6.233333333333333,ElbowBent(L);ElbowBent(R);GuardAway(L);GuardAway(R),1,1,2.850772578792393,5.352154928567265,-0.500733976306099,0.5069761566879789,72.91817181287963,19.515625614174052,0,0
188,6.266666666666667,ElbowBent(L);ElbowBent(R);GuardAway(L);GuardAway(R),1,1,2.480723728364328,4.144526078196642,-0.370048850428065,-1.2076288503706234,42.011789690085315,136.5066707844034,0,0
189,6.3,ElbowBent(L);ElbowBent(R);GuardAway(L);GuardAway(R),1,1,2.4124188600171417,3.3791928460226366,-0.06830486834718652,-0.7653332321740054,114.81633514053112,142.8771115577314,0,0
190,6.333333333333333,ElbowBent(R);GuardAway(L);GuardAway(R),1,1,2.433633246813979,2.7885797641070194,0.021214386796837292,-0.5906130819156172,152.43752966142642,148.33446360508893,0,0
191,6.366666666666666,ElbowBent(L);ElbowBent(R);GuardAway(L);GuardAway(R),1,1,2.525081529075119,2.5393655716971417,0.09144828226113999,-0.24921419240987763,139.83355660577578,141.32020021144612,0,0
192,6.4,ElbowBent(L);ElbowBent(R);GuardAway(L);GuardAway(R),1,1,2.3305411986076887,2.3944418743786366,-0.19454033046743024,-0.14492369731850507,110.73035446112911,116.80669432663468,0,0
193,6.433333333333334,ElbowBent(L);ElbowBent(R);GuardAway(L);GuardAway(R),1,1,2.340404933687201,2.427035484435928,0.009863735079512104,0.03259361005729122,97.70272877496691,102.84591791821575,0,0
194,6.466666666666667,ElbowBent(L);ElbowBent(R);GuardAway(L);GuardAway(R),1,1,1.7684286719263753,1.9659065184459394,-0.5719762617608255,-0.4611289659899884,76.58931463441611,54.88261404849245,0,0
195,6.5,ElbowBent(L);ElbowBent(R);GuardAway(L);GuardAway(R),1,1,1.4374660220677118,1.5918090271287875,-0.3309626498586635,-0.374097491317152,53.34043752199465,33.09746631185212,0,0
196,6.533333333333333,ElbowBent(L);ElbowBent(R);GuardAway(L);GuardAway(R),1,1,1.3132026273701198,1.505103946602909,-0.12426339469759196,-0.08670508052587844,29.916972228523473,148.4830024020765,0,0
197,6.566666666666666,ElbowBent(L);GuardAway(L);GuardAway(R),1,1,1.2081873521854014,1.478415123846413,-0.10501527518471843,-0.02668882275649609,23.783339677307087,161.4906192499296,0,0
198,6.6,ElbowBent(L);GuardAway(L);GuardAway(R),1,1,1.1185681859539434,1.4353676084328801,-0.08961916623145805,-0.0430475154135328,23.197426202520525,167.88133441703545,0,0
199,6.633333333333334,ElbowBent(L);ElbowBent(R);GuardAway(L);GuardAway(R),1,1,1.0444646229566177,1.3979693599034826,-0.07410356299732568,-0.03739824852939755,23.664137715125143,149.81105437999736,0,0
200,6.666666666666667,ElbowBent(L);ElbowBent(R);GuardAway(L);GuardAway(R),1,1,0.9921550772789576,1.385763942516219,-0.05230954567766011,-0.012205417387263662,24.77842225547784,149.36616453610077,0,0
201,6.7,ElbowBent(L);GuardAway(L);GuardAway(R),1,1,0.9607237903485342,1.38497567552942,-0.03143128693042341,-0.0007882669867989023,23.21420547264293,153.11387865640367,0,0
202,6.733333333333333,ElbowBent(L);GuardAway(L);GuardAway(R),1,1,0.9275543935311037,1.3800720611907038,-0.033169396817430474,-0.004903614338716222,33.59940488338924,175.9956674087401,0,0
203,6.766666666666667,ElbowBent(L);GuardAway(L);GuardAway(R),1,1,0.8900592642495778,1.3606678170061324,-0.037495129281525874,-0.01940424418457143,39.76263717712063,174.47408484409223,0,0
204,6.8,ElbowBent(L);ElbowBent(R);GuardAway(L);GuardAway(R),1,1,0.8607579087366681,1.3500973495047508,-0.029301355512909688,-0.010570467501381575,44.67794505329081,147.3641543403788,0,0
205,6.833333333333333,ElbowBent(R);GuardAway(L),0,1,0.8520226267166351,1.3153294654764385,-0.008735282020033042,-0.034767884028312324,47.02007485580803,132.44267314797662,0,0
206,6.866666666666666,ElbowBent(R);GuardAway(L),0,1,0.8404060096603259,1.2821951162936038,-0.01161661705630923,-0.033134349182834644,53.23249345919649,117.99762589281613,0,0
207,6.9,ElbowBent(R);GuardAway(L),0,1,0.8282485417591364,1.2265347574511856,-0.012157467901189434,-0.05566035884241827,56.411506500686116,101.07416112063977,0,0
208,6.933333333333334,ElbowBent(R);GuardAway(L),0,1,0.8073915658356976,1.1535947888058597,-0.020856975923438825,-0.07293996864532581,55.866061296482016,79.01635432175217,0,0
209,6.966666666666667,ElbowBent(R);GuardAway(L),0,1,0.7754420221712528,1.085334366702941,-0.0319495436644448,-0.06826042210291883,58.41299314546542,68.14606985057213,0,0
210,7.0,ElbowBent(R);GuardAway(L),0,1,0.7457772344576001,1.0301049286373312,-0.029664787713652663,-0.05522943806560976,57.70189804643961,53.53106381378401,0,0
211,7.033333333333333,ElbowBent(R);GuardAway(L),0,1,0.7147815780916343,0.976151601670713,-0.030995656365965796,-0.05395332696661814,55.57761548210997,49.723472426735974,0,0
212,7.066666666666666,ElbowBent(R);GuardAway(L),0,1,0.6959304982821182,0.9163368506712505,-0.01885107980951617,-0.05981475099946254,54.12250864362951,29.342927092311278,0,0
213,7.1,ElbowBent(R);GuardAway(L),0,1,0.73263561800135,0.8943703258807811,0.03670511971923185,-0.021966524790469344,63.786834022399006,52.19525434649349,0,0
214,7.133333333333334,ElbowBent(R);GuardAway(L),0,1,0.8454328309589809,0.8904998626609735,0.1127972129576309,-0.0038704632198076627,72.10174546763378,65.20769196133485,0,0
215,7.166666666666667,ElbowBent(R);GuardAway(L),0,1,1.1533989202126407,0.999606683538004,0.30796608925365976,0.1091068208770305,108.05903666379658,113.11837561800442,0,0
216,7.2,ElbowBent(R);GuardAway(L),0,1,1.5322171589239382,1.1355247432869866,0.3788182387112975,0.13591805974898263,133.137697041082,122.14905627036302,0,0
217,7.233333333333333,ElbowBent(L);ElbowBent(R);GuardAway(L);GuardAway(R),1,1,1.8843376248320298,1.257692808366564,0.35212046590809165,0.12216806507957734,122.49577436903759,129.49981104082767,0,0
218,7.266666666666667,ElbowBent(L);ElbowBent(R);GuardAway(L);GuardAway(R),1,1,2.2768407475356405,1.436103895016906,0.39250312270361065,0.1784110866503421,111.62086013007296,128.144516932749,0,0
219,7.3,ElbowBent(R);GuardAway(L);GuardAway(R),1,1,7.01427451301846,3.127160755951502,4.73743376548282,1.6910568609345957,162.16910883432195,103.85881615120758,0,0
220,7.333333333333333,ElbowBent(L);ElbowBent(R);GuardAway(L);GuardAway(R),1,1,6.423312514667709,3.193787496496962,-0.5909619983507515,0.06662674054546036,68.04874093820014,76.8129183392229,0,0
221,7.366666666666666,ElbowBent(L);ElbowBent(R);GuardAway(L);GuardAway(R),1,1,5.705911749087308,3.1016470030353234,-0.7174007655804004,-0.09214049346163877,67.70530391127429,70.1395280589293,0,0
222,7.4,ElbowBent(L);ElbowBent(R);GuardAway(L);GuardAway(R),1,1,6.056874016279897,3.8594938362773705,0.35096226719258894,0.7578468332420472,71.59889173820612,80.30518465139656,0,0
223,7.433333333333334,ElbowBent(L);ElbowBent(R);GuardAway(L);GuardAway(R),1,1,5.93276654992368,4.386217127229871,-0.12410746635621717,0.5267232909525008,85.85502831024745,83.20831725003437,0,0
224,7.466666666666667,ElbowBent(L);ElbowBent(R);GuardAway(L);GuardAway(R),1,1,6.278087459836174,5.144065963780704,0.34532090991249387,0.7578488365508322,101.68908065514185,93.6555233596604,0,0
225,7.5,ElbowBent(L);ElbowBent(R);GuardAway(L);GuardAway(R),1,1,5.82087067316948,5.939415903188808,-0.4572167866666934,0.7953499394081041,98.23974964051747,135.7359192072068,0,0
226,7.533333333333333,ElbowBent(L);ElbowBent(R);GuardAway(L);GuardAway(R),1,1,5.415922473018163,7.180583994716777,-0.40494820015131694,1.2411680915279693,91.42788027509519,141.01997618338606,0,0
227,7.566666666666666,ElbowBent(L);ElbowBent(R);GuardAway(L);GuardAway(R),1,1,4.932381655012666,7.513781057909604,-0.48354081800549764,0.33319706319282716,86.61978399235035,128.7802156637704,0,0
228,7.6,ElbowBent(L);ElbowBent(R);GuardAway(L);GuardAway(R),1,1,3.879963250306555,6.198143574083902,-1.0524184047061107,-1.315637483825702,70.8578163550812,91.5595817571944,0,0
229,7.633333333333334,ElbowBent(L);ElbowBent(R);GuardAway(L);GuardAway(R),1,1,3.097844374252989,5.011431545023443,-0.7821188760535662,-1.186712029060459,50.56986542482937,67.03844907035317,0,0
230,7.666666666666667,ElbowBent(L);ElbowBent(R);GuardAway(L);GuardAway(R),1,1,2.512895519275365,3.9393632992139382,-0.584948854977624,-1.072068245809505,46.59728120929065,10.00893243882611,0,0
231,7.7,ElbowBent(L);ElbowBent(R);GuardAway(L);GuardAway(R),1,1,2.0602334633706954,3.1031708343025257,-0.45266205590466946,-0.8361924649114125,51.32676287331978,34.797323010241485,0,0
232,7.733333333333333,ElbowBent(L);ElbowBent(R);GuardAway(L);GuardAway(R),1,1,1.7184995075163159,2.5088127976928747,-0.3417339558543795,-0.594358036609651,47.82253149740939,44.383042960898564,0,0
233,7.766666666666667,ElbowBent(L);ElbowBent(R);GuardAway(L);GuardAway(R),1,1,1.461173519972879,2.041983788118552,-0.25732598754343683,-0.46682900957432283,46.57339807562283,35.65166470537004,0,0
234,7.8,ElbowBent(L);ElbowBent(R);GuardAway(L);GuardAway(R),1,1,1.2708879244233775,1.7267396799002468,-0.19028559554950153,-0.31524410821830506,47.0036925638426,53.60732648292744,0,0
235,7.833333333333333,ElbowBent(L);ElbowBent(R);GuardAway(L);GuardAway(R),1,1,1.1318085768458077,1.5118130889230332,-0.1390793475775698,-0.21492659097721356,46.839492798193476,63.03195827353351,0,0
236,7.866666666666666,ElbowBent(L);ElbowBent(R);GuardAway(L);GuardAway(R),1,1,1.0202704915781378,1.366670655561834,-0.11153808526766995,-0.14514243336119925,48.538029835430684,67.35086699436332,0,0
237,7.9,ElbowBent(L);ElbowBent(R);GuardAway(L);GuardAway(R),1,1,0.9271874556733162,1.2503843477277128,-0.09308303590482159,-0.1162863078341212,50.63781147373794,59.52756144404603,0,0
238,7.933333333333334,ElbowBent(L);ElbowBent(R);GuardAway(L);GuardAway(R),1,1,0.8619900146678954,1.1003800584395012,-0.0651974410054208,-0.15000428928821163,52.42927575688518,22.187829176846193,0,0
239,7.966666666666667,ElbowBent(L);ElbowBent(R);GuardAway(L);GuardAway(R),1,1,0.8114958522003513,1.008247359863675,-0.050494162467544124,-0.09213269857582618,52.37965296235514,23.914149718887515,0,0
240,8.0,ElbowBent(R);GuardAway(L),0,1,0.7636924207999146,0.9468431444940562,-0.047803431400436636,-0.06140421536961882,63.08696703017088,24.51168147604032,0,0
241,8.033333333333333,ElbowBent(R);GuardAway(L),0,1,0.7390205575757861,0.9139357323729931,-0.02467186322412851,-0.03290741212106307,73.58029336830054,10.904864804910357,0,0
242,8.066666666666666,ElbowBent(R);GuardAway(L),0,1,0.7503084919929552,0.9273440729994926,0.011287934417169132,0.013408340626499538,82.07706134053738,39.620730134513096,0,0
243,8.1,ElbowBent(R);GuardAway(L),0,1,0.8028278968412601,0.989241649723293,0.05251940484830486,0.06189757672380036,86.97487677454602,87.4463144075702,0,0
244,8.133333333333333,ElbowBent(R);GuardAway(L),0,1,0.8637743029357681,1.0366849976829613,0.060946406094507966,0.047443347959668314,82.18331185065045,95.04316523044322,0,0
245,8.166666666666666,ElbowBent(R);GuardAway(L),0,1,0.88354714914419,1.0139701077819294,0.0197728462084219,-0.022714889901031876,73.91408543053035,33.51090419910094,0,0
246,8.2,ElbowBent(R);GuardAway(L),0,1,0.8838543975041798,0.9703298129522908,0.00030724835998985345,-0.043640294829638604,70.63004896190414,61.49796987749671,0,0
247,8.233333333333333,ElbowBent(R);GuardAway(L),0,1,0.8725780060613995,0.9255692397353655,-0.011276391442780365,-0.04476057321692528,68.49707731937718,81.18315243940097,0,0
248,8.266666666666667,ElbowBent(R);GuardAway(L),0,1,0.8638577210703209,0.9053597884578478,-0.008720284991078575,-0.02020945127751772,66.60756279939716,82.01221470452735,0,0
249,8.3,ElbowBent(R);GuardAway(L),0,1,0.8462890166520454,0.8804007724784181,-0.017568704418275516,-0.024959015979429733,65.29301238583199,73.31765368694914,0,0
250,8.333333333333334,ElbowBent(R);GuardAway(L),0,1,0.8338141408108168,0.8607118898544842,-0.012474875841228528,-0.019688882623933868,65.35388943550396,72.45476011752552,0,0
251,8.366666666666667,,0,0,0.8032804271331031,0.8420614450377772,-0.030533713677713736,-0.018650444816706968,65.79988311626133,69.76504056141563,0,0
252,8.4,,0,0,0.7780442608155306,0.8367356692083754,-0.025236166317572528,-0.0053257758294018576,64.69853882433027,58.902876473979106,0,0
253,8.433333333333334,,0,0,0.7378034721236486,0.8357022883673215,-0.04024078869188197,-0.0010333808410538659,61.94979857117732,56.71168270369081,0,0
254,8.466666666666667,,0,0,0.690154511073944,0.8366512977203737,-0.04764896104970462,0.0009490093530521992,64.84204660584112,57.30793177196908,0,0
255,8.5,,0,0,0.6238820218310349,0.8434574514777663,-0.06627248924290907,0.0068061537573925746,65.41614327289606,58.96359784013508,0,0
256,8.533333333333333,,0,0,0.5858300613731535,0.8524543371274533,-0.038051960457881395,0.008996885649687036,64.81940836388361,60.21336207504496,0,0
257,8.566666666666666,,0,0,0.5668163397703199,0.8709420957331668,-0.019013721602833655,0.0184877586057135,67.19925611282571,61.369084737726865,0,0
258,8.6,,0,0,0.6043775540935103,0.9127812739217859,0.037561214323190484,0.04183917818861904,75.37316723884172,74.20372490156765,0,0
259,8.633333333333333,,0,0,0.6938911406832811,0.9935545389608259,0.08951358658977071,0.08077326503904003,86.91828087676156,82.61023321570902,0,0
260,8.666666666666666,,0,0,0.7907760333772601,1.0704349554673744,0.09688489269397904,0.07688041650654853,99.01549910499881,86.52334477381784,0,0
261,8.7,,0,0,0.9022701836845887,1.1380374287283683,0.11149415030732857,0.06760247326099389,95.31445300538893,95.2505502754158,0,0
262,8.733333333333333,,0,0,1.0545464209213429,1.213839034275348,0.1522762372367542,0.07580160554697968,80.08547466428878,94.82086329717168,0,0
263,8.766666666666667,ElbowBent(R);GuardAway(L),0,1,1.6523608307560913,2.1729457747334875,0.5978144098347484,0.9591067404581395,66.69450542529454,93.06601206218416,0,0
264,8.8,ElbowBent(R);GuardAway(L),0,1,1.616562842940217,2.1287978147432707,-0.03579798781587429,-0.04414795999021681,57.37169965698806,96.05575839561314,0,0
265,8.833333333333334,ElbowBent(R);GuardAway(L),0,1,1.942225398854153,2.1659472885368656,0.3256625559139359,0.0371494737935949,91.09641643696601,104.94909204700758,0,0
266,8.866666666666667,ElbowBent(L);ElbowBent(R);GuardAway(L);GuardAway(R),1,1,2.1796395407535023,2.2165880015122785,0.2374141418993494,0.05064071297541295,100.88526617975714,102.04388390230075,0,0
267,8.9,ElbowBent(L);ElbowBent(R);GuardAway(L);GuardAway(R),1,1,2.6244035102734857,2.3844322700025713,0.4447639695199834,0.16784426849029277,110.10084395670953,111.00970699277138,0,0
268,8.933333333333334,ElbowBent(L);ElbowBent(R);GuardAway(L);GuardAway(R),1,1,2.6343128880821953,2.5602828817780696,0.009909377808709596,0.17585061177549832,95.89398245915834,99.20923389039368,0,0
269,8.966666666666667,ElbowBent(L);ElbowBent(R);GuardAway(L);GuardAway(R),1,1,2.17505296057617,2.1489477563350285,-0.4592599275060252,-0.41133512544304107,62.15763571922305,81.21077899266336,0,0
270,9.0,ElbowBent(L);ElbowBent(R);GuardAway(L);GuardAway(R),1,1,1.918129368225264,1.8477479339190837,-0.2569235923509061,-0.3011998224159449,62.1524254882201,116.00233711452695,0,0
271,9.033333333333333,ElbowBent(L);ElbowBent(R);GuardAway(L);GuardAway(R),1,1,1.8495140580513663,1.6160265939716054,-0.06861531017389777,-0.23172133994747823,84.51067174761756,125.44048902283522,0,0
272,9.066666666666666,ElbowBent(L);ElbowBent(R);GuardAway(L);GuardAway(R),1,1,1.85608049072329,1.392634338311241,0.006566432671923694,-0.22339225566036447,99.24738074529081,109.35200769389769,0,0
273,9.1,ElbowBent(L);ElbowBent(R);GuardAway(L);GuardAway(R),1,1,1.9622317210701343,1.186596704312248,0.10615123034684437,-0.2060376339989929,116.88277321265352,73.3934765053944,0,0
274,9.133333333333333,ElbowBent(L);ElbowBent(R);GuardAway(L);GuardAway(R),1,1,2.4325273992873733,1.1247599526531673,0.47029567821723894,-0.06183675165908076,110.70657042304852,93.85304396486974,0,0
275,9.166666666666666,ElbowBent(L);ElbowBent(R);GuardAway(L);GuardAway(R),1,1,3.6260415005019233,1.46880915313083,1.19351410121455,0.34404920047766274,110.28423647328046,93.2946264545877,0,0
276,9.2,ElbowBent(R);GuardAway(L);GuardAway(R),1,1,5.842374712482231,2.6151837000811824,2.2163332119803076,1.1463745469503523,171.55022057920905,75.49580902995764,0,0
277,9.233333333333333,ElbowBent(L);ElbowBent(R);GuardAway(L);GuardAway(R),1,1,5.241967417527555,3.0144883867039205,-0.6004072949546764,0.3993046866227381,60.68443081968049,98.57995303838084,0,0
278,9.266666666666667,ElbowBent(L);ElbowBent(R);GuardAway(L);GuardAway(R),1,1,5.040187455775881,3.6136549509281948,-0.201779961751674,0.5991665642242743,132.12090340789214,103.49729024994635,0,0
279,9.3,ElbowBent(L);ElbowBent(R);GuardAway(L);GuardAway(R),1,1,5.035337941180994,3.986371404853702,-0.004849514594886806,0.372716453925507,140.97908687042275,115.15708560619636,0,0
280,9.333333333333334,ElbowBent(L);ElbowBent(R);GuardAway(L);GuardAway(R),1,1,4.6471400387057615,4.132461567021995,-0.3881979024752322,0.14609016216829307,120.17441684159819,107.32339808131734,0,0
281,9.366666666666667,ElbowBent(L);ElbowBent(R);GuardAway(L);GuardAway(R),1,1,3.7611780339170107,3.4819346544562033,-0.8859620047887509,-0.6505269125657915,80.60871595513902,107.0533237925392,0,0
282,9.4,ElbowBent(L);ElbowBent(R);GuardAway(L);GuardAway(R),1,1,3.036796920849426,2.851480087719082,-0.7243811130675848,-0.6304545667371215,68.27537417152625,130.683799927519,0,0
283,9.433333333333334,ElbowBent(L);GuardAway(L);GuardAway(R),1,1,2.5344935078457302,2.481884151227754,-0.5023034130036956,-0.36959593649132794,61.84269743858261,168.8397260416047,0,0
284,9.466666666666667,ElbowBent(L);GuardAway(L);GuardAway(R),1,1,2.184535926138169,2.1552990939371277,-0.3499575817075611,-0.32658505729062615,70.8723135746164,156.31073224946454,0,0
285,9.5,ElbowBent(L);GuardAway(L);GuardAway(R),1,1,1.9669897677890011,1.8931037946433606,-0.21754615834916802,-0.26219529929376706,79.87219229114535,162.9255369007452,0,0
286,9.533333333333333,ElbowBent(L);GuardAway(L);GuardAway(R),1,1,1.7861933106493286,1.7009576285331427,-0.18079645713967252,-0.19214616611021795,75.29856247961288,168.3810857492201,0,0
287,9.566666666666666,ElbowBent(L);ElbowBent(R);GuardAway(L);GuardAway(R),1,1,1.5540386905746466,1.535278981570901,-0.23215462007468202,-0.16567864696224177,34.26881693764126,149.95125291932396,0,0
288,9.6,ElbowBent(L);ElbowBent(R);GuardAway(L);GuardAway(R),1,1,1.559660821251132,1.3769696014249009,0.005622130676485426,-0.15830938014600004,70.63816841591073,92.19692051171998,0,0
289,9.633333333333333,ElbowBent(L);ElbowBent(R);GuardAway(L);GuardAway(R),1,1,1.96382661237739,1.4738719944525183,0.40416579112625795,0.09690239302761738,74.19007095798271,101.67790283210068,0,0
290,9.666666666666666,ElbowBent(L);ElbowBent(R);GuardAway(L);GuardAway(R),1,1,2.975321945306321,2.4740103162724965,1.011495332928931,1.0001383218199782,68.49945399431097,82.7471395679884,0,0
291,9.7,ElbowBent(L);ElbowBent(R);GuardAway(L);GuardAway(R),1,1,4.937629188826261,4.328790105185041,1.9623072435199398,1.8547797889125444,106.77700486370497,107.0567245143061,0,0
292,9.733333333333333,ElbowBent(L);ElbowBent(R);GuardAway(L);GuardAway(R),1,1,4.915998702600491,4.3129520289442045,-0.021630486225769907,-0.01583807624083633,123.61947559718696,114.7477612025954,0,0
293,9.766666666666667,ElbowBent(L);ElbowBent(R);GuardAway(L);GuardAway(R),1,1,5.290128559282995,5.568815901097177,0.3741298566825044,1.2558638721529727,119.50869968962752,126.10148122948493,0,0
294,9.8,ElbowBent(L);ElbowBent(R);GuardAway(L);GuardAway(R),1,1,4.844664849465347,5.9040692882240915,-0.4454637098176484,0.3352533871269143,98.15132280705487,101.77238584860763,0,0
295,9.833333333333334,ElbowBent(L);ElbowBent(R);GuardAway(L);GuardAway(R),1,1,4.068241177621985,5.46191726046149,-0.7764236718433617,-0.4421520277626012,78.11946501916515,123.67505889525766,0,0
296,9.866666666666667,ElbowBent(L);ElbowBent(R);GuardAway(L);GuardAway(R),1,1,3.2344144922644764,4.540198365957499,-0.8338266853575087,-0.9217188945039911,71.41941970104115,81.69427232650924,0,0
297,9.9,ElbowBent(L);ElbowBent(R);GuardAway(L);GuardAway(R),1,1,2.5192606350267654,3.6123566380486074,-0.715153857237711,-0.9278417279088917,57.64050667421255,59.32447387237377,0,0
298,9.933333333333334,ElbowBent(L);ElbowBent(R);GuardAway(L);GuardAway(R),1,1,1.9996261782664744,2.9168934364665704,-0.5196344567602911,-0.695463201582037,55.13419955633185,72.83745774406728,0,0
299,9.966666666666667,ElbowBent(L);ElbowBent(R);GuardAway(L);GuardAway(R),1,1,1.6292448444295022,2.4241628731535947,-0.37038133383697214,-0.4927305633129757,47.75728524156097,92.01252136937329,0,0
300,10.0,ElbowBent(L);ElbowBent(R);GuardAway(L);GuardAway(R),1,1,1.35037425894906,2.0382632494137325,-0.2788705854804423,-0.3858996237398622,45.01510620674263,74.44492070542233,0,0
301,10.033333333333333,ElbowBent(L);ElbowBent(R);GuardAway(L);GuardAway(R),1,1,1.1391778670762156,1.7021779875299885,-0.21119639187284434,-0.336085261883744,44.052162134136374,51.78873171846503,0,0
302,10.066666666666666,ElbowBent(L);ElbowBent(R);GuardAway(L);GuardAway(R),1,1,0.9675193220543785,1.379756123755492,-0.17165854502183708,-0.32242186377449644,44.10413190641275,18.583786360364616,0,0
303,10.1,ElbowBent(L);ElbowBent(R);GuardAway(L);GuardAway(R),1,1,0.8327797190530901,1.1753618994587895,-0.1347396030012884,-0.2043942242967025,44.60184708080671,8.74394884225182,0,0
304,10.133333333333333,ElbowBent(L);ElbowBent(R);GuardAway(L);GuardAway(R),1,1,0.7240339799220369,1.0297449665312304,-0.10874573913105323,-0.14561693292755917,50.332938671981864,2.7330876651165736,0,0
305,10.166666666666666,ElbowBent(R);GuardAway(L),0,1,0.6636349166554818,0.9141504501271122,-0.060399063266555086,-0.11559451640411822,53.59255264734266,11.887482809916435,0,0
306,10.2,ElbowBent(R);GuardAway(L),0,1,0.6379092509187982,0.8636597562422128,-0.025725665736683556,-0.05049069388489935,53.955166191946105,27.037361735154754,0,0
307,10.233333333333333,ElbowBent(R);GuardAway(L),0,1,0.6408367649359555,0.8653636263769277,0.0029275140171572955,0.0017038701347148466,70.462669979323,37.673807017506526,0,0
308,10.266666666666667,ElbowBent(R);GuardAway(L),0,1,1.0248049679686826,2.152477288091315,0.38396820303272705,1.2871136617143875,76.88592580526742,143.69471125426026,0,0
309,10.3,GuardAway(L),0,1,1.9018596526984637,4.497962886776339,0.8770546847297811,2.345485598685024,70.80579589503074,160.7877568845661,0,0
310,10.333333333333334,ElbowBent(R);GuardAway(L),0,1,4.167806291175065,9.875046879223575,2.2659466384766014,5.377083992447236,59.82910682793156,145.01251266720993,0,0
311,10.366666666666667,ElbowBent(R);GuardAway(L),0,1,23.316897405028456,59.61973164004402,19.14909111385339,49.74468476082045,60.31124801232482,149.76816689123117,0,0
312,10.4,GuardAway(L),0,1,19.031782537833905,49.20515273285985,-4.285114867194551,-10.414578907184172,58.21680769449643,165.7766437942502,0,0
313,10.433333333333334,GuardAway(L),0,1,15.266188238521732,40.15263629412835,-3.7655942993121734,-9.052516438731502,73.5276063205746,150.779928147145,0,0
314,10.466666666666667,ElbowBent(R);GuardAway(L),0,1,12.133387567910193,31.53569866601438,-3.132800670611539,-8.61693762811397,29.632957675323965,54.27772514077771,0,0
315,10.5,ElbowBent(R);GuardAway(L),0,1,9.78479727227486,25.460401591820567,-2.348590295635333,-6.075297074193813,44.458783342900816,20.501878474701215,0,0
316,10.533333333333333,ElbowBent(R);GuardAway(L),0,1,7.819992165418057,19.682094862696555,-1.9648051068568027,-5.7783067291240116,27.977124400613054,56.51450886634044,0,0
317,10.566666666666666,ElbowBent(R);GuardAway(L),0,1,6.313564598246234,15.29361272217817,-1.5064275671718228,-4.388482140518386,42.979530621662434,74.68118682430095,0,0
318,10.6,ElbowBent(R);GuardAway(L),0,1,5.030036147180217,11.82999452651093,-1.283528451066017,-3.463618195667239,62.595494325063584,61.54945187215993,0,0
319,10.633333333333333,ElbowBent(R);GuardAway(L),0,1,4.055577705409449,9.20811224568967,-0.9744584417707687,-2.6218822808212607,62.135561007781384,64.39562020635405,0,0
320,10.666666666666666,ElbowBent(R);GuardAway(L),0,1,3.223741443975664,7.163721388551025,-0.8318362614337844,-2.0443908571386444,68.03418695376519,60.902148553119524,0,0
321,10.7,ElbowBent(R);GuardAway(L),0,1,2.5739599429151556,5.594506546154895,-0.6497815010605086,-1.5692148423961303,67.09729574128924,62.62771990606315,0,0
322,10.733333333333333,ElbowBent(R);GuardAway(L),0,1,2.046401545864768,4.415760219043483,-0.5275583970503877,-1.178746327111412,70.51881182110839,62.07841431539204,0,0
323,10.766666666666667,ElbowBent(R);GuardAway(L),0,1,1.6146129610517979,3.495177123029758,-0.4317885848129701,-0.9205830960137247,75.3900569231117,53.17951389839943,0,0
324,10.8,ElbowBent(R);GuardAway(L),0,1,1.3297990080875646,2.8040367575867906,-0.2848139529642333,-0.6911403654429673,74.00465563102759,55.93233385659564,0,0
325,10.833333333333334,ElbowBent(R);GuardAway(L),0,1,1.1250828161967634,2.2678701124645975,-0.20471619189080115,-0.5361666451221931,71.3862752933041,40.86829733283232,0,0
326,10.866666666666667,ElbowBent(R);GuardAway(L),0,1,0.9701729736775366,1.905153530131155,-0.1549098425192268,-0.3627165823334424,59.420838797627226,57.233133071091814,0,0
327,10.9,ElbowBent(R);GuardAway(L),0,1,0.9289296843031232,1.6658358441864984,-0.04124328937441346,-0.23931768594465663,63.19902392627064,60.43544453668508,0,0
328,10.933333333333334,ElbowBent(R);GuardAway(L),0,1,0.9293343676330275,1.54695513112398,0.00040468332990428735,-0.11888071306251846,68.15211149487641,71.29202423747687,0,0
329,10.966666666666667,ElbowBent(R);GuardAway(L),0,1,1.2277150637248289,1.687247717977347,0.2983806960918014,0.1402925868533671,80.96639879284734,85.34152142495907,0,0
330,11.0,ElbowBent(R);GuardAway(L),0,1,1.583987244462568,1.868323396131933,0.35627218073773914,0.18107567815458592,98.00011406020803,113.65985593034513,0,0
331,11.033333333333333,ElbowBent(L);ElbowBent(R);GuardAway(L);GuardAway(R),1,1,1.9354827306938691,2.0370432131314353,0.3514954862313011,0.16871981699950234,117.29318766215046,135.86170628762335,0,0
332,11.066666666666666,ElbowBent(L);ElbowBent(R);GuardAway(L);GuardAway(R),1,1,2.262598238896794,2.162110115735789,0.3271155082029249,0.12506690260435382,135.99916814378545,148.07039810890308,0,0
333,11.1,GuardAway(L);GuardAway(R),1,1,2.523120905387679,2.287217841121378,0.26052266649088507,0.12510772538558879,150.10981191891696,157.9404747811349,1,0
334,11.133333333333333,GuardAway(L);GuardAway(R),1,1,2.7234776109710572,2.4200985599777454,0.20035670558337815,0.13288071885636743,167.25201511503516,165.53527206284792,1,0
335,11.166666666666666,GuardAway(L),0,1,2.8219593757742634,2.475181267850956,0.09848176480320614,0.05508270787321079,170.9890773852157,171.28397436225885,1,0
336,11.2,GuardAway(L),0,1,2.880450213225106,2.5021850488146002,0.058490837450842825,0.027003780963644086,171.20337111843656,171.8082260155779,1,0
337,11.233333333333333,GuardAway(L),0,1,2.914273630989338,2.4942749197388485,0.03382341776423159,-0.007910129075751726,169.88998547089918,175.72377870132635,1,0
338,11.266666666666667,GuardAway(L),0,1,2.923455806333026,2.4778505898682432,0.009182175343688037,-0.01642432987060527,163.64306989680324,173.52618890316603,1,0
339,11.3,GuardAway(L),0,1,2.916314421187815,2.4436799511964,-0.007141385145210677,-0.034170638671843445,163.67624460464847,170.00752748303591,1,0
340,11.333333333333334,GuardAway(L),0,1,2.8856092832996465,2.3906534624684075,-0.030705137888168643,-0.053026488727992316,161.59151087180857,167.18862356607622,1,0
