frame,time_s,violations,L_is_punch,R_is_punch,L_wrist_mouth_span_ema,R_wrist_mouth_span_ema,L_vel,R_vel,L_elbow_deg,R_elbow_deg
0,0.0,,0,0,2.19680488918129,1.9067680177525672,0.0,0.0,161.0415473480313,167.0143840820823
1,0.03333333333333333,,0,0,2.1998314568464448,1.916066482796537,0.0030265676651546336,0.009298465043969806,160.50527047628213,167.23208122380956
2,0.06666666666666667,,0,0,2.20896267000093,1.9312217150426805,0.009131213154485174,0.015155232246143457,161.97538692234005,167.5964098477155
3,0.1,,0,0,2.2226108926058927,1.9434511195995376,0.01364822260496279,0.01222940455685717,163.40055192743736,167.36291445480424
4,0.13333333333333333,,0,0,2.2409145425440906,1.9566721759271108,0.018303649938197886,0.0132210563275732,165.40559947384682,167.2667261448523
5,0.16666666666666666,,0,0,2.259627230809184,1.9696875766684392,0.018712688265093202,0.013015400741328342,167.33279108601562,167.04865448721267
6,0.2,,0,0,2.277645140547848,1.9802412638532099,0.01801790973866435,0.010553687184770677,170.1209789048316,166.72719139129677
7,0.23333333333333334,,0,0,2.2962332355266084,1.9927818478600328,0.01858809497876024,0.012540584006822897,172.9924330368396,166.9051664528027
8,0.26666666666666666,,0,0,2.309565536382659,1.9996248377326378,0.013332300856050416,0.00684298987260501,173.80704104277868,167.1413199390415
9,0.3,,0,0,2.3197868339465404,2.003623551468041,0.01022129756388157,0.003998713735403392,174.5498226278975,167.24195928563358
10,0.3333333333333333,,0,0,2.3255484491085667,2.0042765429094835,0.0057616151620263345,0.0006529914414423743,174.2741587085987,167.1137730983586
11,0.36666666666666664,,0,0,2.328165100502608,2.005118738402011,0.002616651394041103,0.0008421954925275088,173.96723294468745,167.58329982094597
12,0.4,,0,0,2.3288255983668655,2.0071247803657677,0.0006604978642577031,0.002006041963756644,173.7322417046121,168.21514623226938
13,0.43333333333333335,,0,0,2.3281185891746445,2.0097588850450485,-0.0007070091922209976,0.0026341046792808243,173.20941469784114,168.98495281029662
14,0.4666666666666667,,0,0,2.3263995170868954,2.0083000424573436,-0.0017190720877491295,-0.0014588425877049005,172.73841851750504,169.69855232132807
15,0.5,,0,0,2.3262709874631455,2.0066704509713253,-0.00012852962374987342,-0.001629591486018267,172.0350118484494,169.60813764145482
16,0.5333333333333333,,0,0,2.3258643809349566,2.0032366409748135,-0.0004066065281889131,-0.003433809996511883,171.7578080645305,170.01585615538508
17,0.5666666666666667,,0,0,2.3225963793352014,2.0006538303611463,-0.003268001599755266,-0.0025828106136671636,168.92363539548273,170.24871182401876
18,0.6,,0,0,2.318846671003053,1.9976204320419853,-0.0037497083321484936,-0.0030333983191610514,167.1272403556457,170.4096604276435
19,0.6333333333333333,,0,0,2.315646623668328,1.9967727356069673,-0.003200047334724676,-0.0008476964350179195,166.14604826761536,170.5669730444467
20,0.6666666666666666,,0,0,2.3127997924311554,1.9971339814482014,-0.0028468312371727755,0.0003612458412340924,165.04114108138506,170.58021383467235
21,0.7,,0,0,2.309660842761283,1.9977236411669135,-0.0031389496698723818,0.0005896597187120545,164.2453657819918,170.5870186387346
22,0.7333333333333333,,0,0,2.307111201258466,1.9999877771782497,-0.0025496415028172237,0.0022641360113362374,164.19005532875178,170.70466055945835
23,0.7666666666666667,,0,0,2.3055954360421307,2.0039116237756356,-0.0015157652163351187,0.003923846597385872,163.81757997842726,170.89495474896498
24,0.8,,0,0,2.3054757306562372,2.008288258961922,-0.00011970538589345381,0.004376635186286393,163.6712636114829,170.1400862388733
25,0.8333333333333334,,0,0,2.307786434630085,2.0134036554545016,0.002310703973847694,0.005115396492579638,163.5132463997862,169.92098529375707
26,0.8666666666666667,,0,0,2.310480122178163,2.0143270787648238,0.002693687548077861,0.0009234233103221356,163.58997858044947,169.10533940685025
27,0.9,,0,0,2.31369716451305,2.0171923346115084,0.003217042334887399,0.0028652558466846223,163.82915160613382,168.84016715344097
28,0.9333333333333333,,0,0,2.3162450401682873,2.0203083598514215,0.002547875655237064,0.003116025239913167,164.08885091154866,168.6158506017085
29,0.9666666666666667,,0,0,2.3184632874026896,2.0249566738915514,0.0022182472344023374,0.004648314040129886,164.0341184927483,168.4527421308173
30,1.0,,0,0,2.3203612044793633,2.02962447239139,0.0018979170766737496,0.004667798499838671,163.98031069468226,168.3507384867913
31,1.0333333333333334,,0,0,2.3226427190786367,2.0331539800764538,0.002281514599273393,0.0035295076850636597,163.9476360686294,168.24161176422206
32,1.0666666666666667,,0,0,2.325172460171194,2.0351793725638636,0.002529741092557103,0.0020253924874098495,164.19387891880663,168.23094149088638
33,1.1,,0,0,2.3291491811153016,2.0360232465790475,0.003976720944107726,0.0008438740151839319,164.31539960509926,168.21614954701695
34,1.1333333333333333,,0,0,2.3330847565879305,2.0362422279631485,0.003935575472628905,0.00021898138410092471,164.47519884156472,168.1976018354514
35,1.1666666666666667,,0,0,2.3374663090392453,2.037021344060732,0.004381552451314885,0.000779116097583632,165.06298678029276,168.1129482492102
36,1.2,,0,0,2.3407400777843304,2.036835369047642,0.003273768745085004,-0.00018597501308992292,165.38771980699744,167.88128561544713
37,1.2333333333333334,,0,0,2.343146606037269,2.0369208342560525,0.0024065282529388554,8.546520841035132e-05,165.6658579466789,167.83193242304864
38,1.2666666666666666,,0,0,2.3447287578636917,2.037581968888546,0.0015821518264225176,0.0006611346324936207,165.91504551185386,167.80414454033598
39,1.3,,0,0,2.3458330007546064,2.03778886022598,0.0011042428909147084,0.000206891337434012,166.07189306215477,167.8455821940013
40,1.3333333333333333,,0,0,2.348837241386435,2.04106678036524,0.00300424063182847,0.003277920139259649,166.04663262254272,168.0869961041632
41,1.3666666666666667,,0,0,2.3524732020394126,2.0449110488145728,0.0036359606529776656,0.0038442684493329438,166.0231418314888,168.07788385216554
42,1.4,,0,0,2.3566378271938877,2.0496622424136697,0.004164625154475132,0.004751193599096926,165.71136645776966,168.1662863751851
43,1.4333333333333333,,0,0,2.3603683713464245,2.0546223187833426,0.003730544152536819,0.004960076369672883,165.39178148782742,168.17086686513133
44,1.4666666666666666,,0,0,2.3633092225426977,2.059329152268747,0.0029408511962731865,0.004706833485404349,165.34964786133068,168.18872248045167
45,1.5,,0,0,2.3644902696362413,2.062222145908241,0.001181047093543608,0.0028929936394939126,165.4508548851886,168.1878215603807
46,1.5333333333333334,,0,0,2.3655249655393242,2.0650830618203546,0.0010346959030829161,0.002860915912113793,165.464265170767,168.1705336796378
47,1.5666666666666667,,0,0,2.3654749114729086,2.0667509558847756,-5.005406641567234e-05,0.0016678940644210272,165.51027308908547,168.07403264110354
48,1.6,,0,0,2.3645809726956033,2.0675151910724887,-0.0008939387773052587,0.0007642351877130693,165.5276859421448,167.9277673797575
49,1.6333333333333333,,0,0,2.362992680479753,2.0674143068155177,-0.0015882922158501067,-0.00010088425697096781,165.54109756544554,167.79690437175714
50,1.6666666666666667,,0,0,2.3602739074360075,2.0664506985024724,-0.0027187730437456814,-0.0009636083130453166,165.57368616141935,167.68177569556687
51,1.7,,0,0,2.3564425829705744,2.064839556720794,-0.003831324465433106,-0.0016111417816784268,165.5727677658166,167.66974371342593
52,1.7333333333333334,,0,0,2.352021642281138,2.0632287826141797,-0.004420940689436215,-0.0016107741066142545,165.55639702730107,167.66501088966993
53,1.7666666666666666,,0,0,2.3475955700578126,2.06179705612218,-0.004426072223325583,-0.0014317264919996298,165.54659697808728,167.64459709251472
54,1.8,,0,0,2.3423151933236723,2.0613677288093286,-0.00528037673414028,-0.00042932731285150183,165.5612584042872,167.61870436076472
55,1.8333333333333333,,0,0,2.3364562429595077,2.059928875595036,-0.005858950364164617,-0.0014388532142928234,165.61775415992273,167.62287802907105
56,1.8666666666666667,,0,0,2.3316193449574616,2.058712097345148,-0.004836898002046119,-0.0012167782498879731,165.5907622945476,167.5544105319653
57,1.9,,0,0,2.327145057581247,2.0564081529313842,-0.00447428737621447,-0.002303944413763581,165.6793686085436,167.54810523835303
58,1.9333333333333333,,0,0,2.324570676971461,2.05643885047007,-0.0025743806097859867,3.0697538685675596e-05,165.77276640590685,167.41086447485608
59,1.9666666666666666,,0,0,2.3250168440508276,2.055191048725073,0.0004461670793665107,-0.0012478017449968348,165.86902051909297,166.89608025629303
60,2.0,,0,0,2.335351631560564,2.059814037729258,0.010334787509736376,0.0046229890041851185,165.9359419211277,166.4450139898928
61,2.033333333333333,,0,0,2.35031006158852,2.0672868872888315,0.014958430027955938,0.00747284955957328,166.11124813407335,166.26908354918405
62,2.066666666666667,GuardAway(R),1,0,2.3774051450983498,2.082871392040821,0.02709508350982981,0.01558450475198958,165.45845618843663,166.0312601714291
63,2.1,GuardAway(R),1,0,2.403158353317141,2.0932301017767534,0.025753208218791013,0.010358709735932337,165.17459552471573,166.12287664288388
64,2.1333333333333333,GuardAway(R),1,0,2.4277698355718087,2.099859030120887,0.024611482254667916,0.006628928344133644,164.71227200688466,165.6715008226924
65,2.1666666666666665,GuardAway(R),1,0,2.4604765403509177,2.094101685859213,0.032706704779108975,-0.005757344261673847,164.6155190244194,164.90291229211934
66,2.2,GuardAway(R),1,0,2.49527394720735,2.09359484130593,0.03479740685643229,-0.0005068445532829813,164.51684863550028,164.24807022872625
67,2.2333333333333334,GuardAway(R),1,0,2.521831186557389,2.068326218035078,0.02655723935003884,-0.02526862327085233,162.90854025401987,162.92424588188146
68,2.2666666666666666,GuardAway(R),1,0,2.5404515809374297,2.0484435097289855,0.018620394380040928,-0.0198827083060924,160.068699888421,162.47930492765443
69,2.3,GuardAway(R),1,0,2.5527290523445814,2.0334173504487656,0.01227747140715163,-0.015026159280219886,156.36075347067737,161.34242523574838
70,2.3333333333333335,GuardAway(R),1,0,2.5593031633705,2.0228908812869184,0.006574111025918761,-0.010526469161847185,154.23638125216206,160.81197322528607
71,2.3666666666666667,GuardAway(R),1,0,2.5623758050485383,2.0231835651792953,0.0030726416780382237,0.0002926838923769104,152.95268552643535,161.22014376787703
72,2.4,GuardAway(R),1,0,2.5654317481709006,2.0269775319719248,0.003055943122362237,0.003793966792629444,154.0081043454435,161.626386960479
73,2.433333333333333,GuardAway(R),1,0,2.566675134132309,2.0290390720377935,0.001243385961408272,0.0020615400658687832,154.414870245929,162.4704248062935
74,2.466666666666667,GuardAway(R),1,0,2.5666267167602057,2.030005177842877,-4.841737210314889e-05,0.0009661058050833837,154.68059463183667,163.4934264054336
75,2.5,GuardAway(R),1,0,2.562750295901595,2.031112730550241,-0.0038764208586106186,0.0011075527073640679,153.75595608417797,163.7860929798645
76,2.533333333333333,GuardAway(R),1,0,2.557708307279045,2.0369877250227875,-0.005041988622549898,0.005874994472546469,153.25007119257194,164.38978760570527
77,2.566666666666667,GuardAway(R),1,0,2.555600425103825,2.0494793786009344,-0.002107882175220066,0.012491653578146966,154.57356113734133,164.92682086861493
78,2.6,GuardAway(R),1,0,2.5477482135696943,2.0570915878058895,-0.007852211534130848,0.007612209204955089,155.7198947141581,164.81572725900335
79,2.6333333333333333,GuardAway(R),1,0,2.540069396920762,2.0620143099990114,-0.0076788166489323295,0.004922722193121842,156.6578911313645,165.783303087862
80,2.6666666666666665,GuardAway(L);GuardAway(R),1,1,2.550547042585406,2.0866121325341487,0.010477645664644264,0.024597822535137315,157.1625200042245,168.16044254207517
81,2.7,GuardAway(L);GuardAway(R),1,1,2.5624110986314292,2.108046122788313,0.01186405604602303,0.02143399025416448,158.90075919784687,169.3977414702737
82,2.7333333333333334,GuardAway(L);GuardAway(R),1,1,2.5814646745825853,2.1323867956742872,0.019053575951156088,0.02434067288597408,159.71663984804857,169.7384463792634
83,2.7666666666666666,GuardAway(L);GuardAway(R),1,1,2.6110714804337842,2.1705162251982473,0.029606805851198903,0.038129429523960034,162.71803735939267,169.8932349605122
84,2.8,GuardAway(L);GuardAway(R),1,1,2.6502257206424638,2.213744330239941,0.039154240208679525,0.04322810504169361,165.97526128011006,168.65116530078615
85,2.8333333333333335,GuardAway(L);GuardAway(R),1,1,2.6952614746393238,2.24916420560238,0.045035753996859995,0.03541987536243907,167.1197159831274,168.50393305351378
86,2.8666666666666667,GuardAway(L);GuardAway(R),1,1,2.7457230279060685,2.2838445661774625,0.05046155326674473,0.0346803605750825,168.19766862246254,167.96778946559573
87,2.9,GuardAway(L);GuardAway(R),1,1,2.7892154034568164,2.3184203545052395,0.04349237555074792,0.03457578832777708,166.91710998130026,168.06390633403618
88,2.933333333333333,GuardAway(L);GuardAway(R),1,1,2.8044240229675728,2.3383823771272696,0.01520861951075636,0.019962022622030062,167.18372690471864,166.89594468830404
89,2.966666666666667,GuardAway(L);GuardAway(R),1,1,2.8071637954256103,2.354291382976328,0.0027397724580375815,0.0159090058490583,165.6687549951617,166.33412309582994
90,3.0,GuardAway(L);GuardAway(R),1,1,2.8087399702594356,2.3594938131876417,0.0015761748338252168,0.005202430211313835,165.1512699778167,165.77989659576946
91,3.033333333333333,GuardAway(L);GuardAway(R),1,1,2.803798566336535,2.3529539299451643,-0.004941403922900545,-0.006539883242477451,164.1542575880785,166.9913487536782
92,3.066666666666667,GuardAway(L);GuardAway(R),1,1,2.782026085403662,2.326976802454894,-0.021772480932872984,-0.02597712749027048,163.74713496604113,168.11757481528883
93,3.1,GuardAway(L);GuardAway(R),1,1,2.7526248443180323,2.295225755451056,-0.029401241085629692,-0.03175104700383802,164.47731702516373,168.94705319574777
94,3.1333333333333333,GuardAway(L);GuardAway(R),1,1,2.7167859985938723,2.2702846728767994,-0.03583884572416007,-0.024941082574256423,165.46026530009198,171.90398196771065
95,3.1666666666666665,GuardAway(L);GuardAway(R),1,1,2.694208267387001,2.27039373717488,-0.02257773120687112,0.00010906429808077434,165.31140307437158,173.39443248194215
96,3.2,GuardAway(L);GuardAway(R),1,1,2.675713399611574,2.2825461115072074,-0.018494867775427082,0.012152374332327298,164.96549149763257,173.84772710593845
97,3.2333333333333334,GuardAway(L);GuardAway(R),1,1,2.666026572897149,2.2918576513047237,-0.009686826714425223,0.00931153979751631,164.02346937043052,173.69403852501543
98,3.2666666666666666,GuardAway(L);GuardAway(R),1,1,2.6581780550987584,2.298854587027632,-0.007848517798390464,0.006996935722908049,163.65876903845265,174.3000952728679
99,3.3,GuardAway(L);GuardAway(R),1,1,2.6521041508791354,2.3019724262951327,-0.00607390421962295,0.003117839267500866,163.01436781788627,172.25052709373426
100,3.3333333333333335,GuardAway(L);GuardAway(R),1,1,2.6465067674351426,2.302382394714058,-0.005597383443992854,0.00040996841892537716,162.21342773595222,171.00710586154895
101,3.3666666666666667,GuardAway(L);GuardAway(R),1,1,2.6419807357075915,2.302266786135536,-0.004526031727551061,-0.00011560857852188633,161.38428497801348,169.71229226505747
102,3.4,GuardAway(L);GuardAway(R),1,1,2.6407750931857485,2.302613359599267,-0.0012056425218429645,0.00034657346373068165,160.88568584318352,169.40934856104718
103,3.433333333333333,GuardAway(L);GuardAway(R),1,1,2.6411074006977375,2.3049400618588938,0.0003323075119889829,0.002326702259626945,160.25740621415386,168.5907387187788
104,3.466666666666667,GuardAway(L);GuardAway(R),1,1,2.6418553574036814,2.3111091457507613,0.000747956705943853,0.006169083891867544,159.241717601131,167.879382504474
105,3.5,GuardAway(L);GuardAway(R),1,1,2.6400582462913986,2.321894703271944,-0.0017971111122827566,0.01078555752118282,158.28058574045474,167.49872214085184
106,3.533333333333333,GuardAway(L);GuardAway(R),1,1,2.6353458976091906,2.327938110848986,-0.004712348682208045,0.006043407577041915,157.86131780651135,167.55821423910297
107,3.566666666666667,GuardAway(L);GuardAway(R),1,1,2.6357427128709032,2.335521899651151,0.00039681526171264636,0.007583788802164815,157.38748000126543,168.1393385175462
108,3.6,GuardAway(L);GuardAway(R),1,1,2.6345873319645765,2.342691343898863,-0.0011553809063267195,0.007169444247712153,157.26777571704125,168.0837539353974
109,3.6333333333333333,GuardAway(L);GuardAway(R),1,1,2.629574284442236,2.348082083868917,-0.005013047522340663,0.005390739970053904,155.7770064765807,167.76601957036434
110,3.6666666666666665,GuardAway(L);GuardAway(R),1,1,2.62168876800819,2.351686590577407,-0.00788551643404567,0.003604506708489996,155.12129752559633,168.66130492819426
111,3.7,GuardAway(L);GuardAway(R),1,1,2.6130106727352054,2.337588755180133,-0.008678095272984798,-0.01409783539727405,154.66250561204222,168.40775486105682
112,3.7333333333333334,GuardAway(L);GuardAway(R),1,1,2.6076812444704527,2.3073891943323925,-0.005329428264752689,-0.030199560847740337,154.4976498629242,167.43778006228857
113,3.7666666666666666,GuardAway(L);GuardAway(R),1,1,2.5989497134934436,2.2769470786437305,-0.008731530977009072,-0.030442115688662064,154.42958312107925,167.38716419742536
114,3.8,GuardAway(L);GuardAway(R),1,1,2.5966148679356484,2.2562818349680045,-0.0023348455577951732,-0.020665243675725975,154.4227240406646,167.1378830004274
115,3.8333333333333335,GuardAway(L);GuardAway(R),1,1,2.6019966764124014,2.2383513887304307,0.005381808476752958,-0.017930446237573783,154.82254869150074,166.41369301211665
116,3.8666666666666667,GuardAway(L);GuardAway(R),1,1,2.6365605428080903,2.229412805461038,0.03456386639568887,-0.008938583269392897,155.64783097915424,166.20342821843542
117,3.9,GuardAway(L);GuardAway(R),1,1,2.6803160085390654,2.231384079613089,0.04375546573097511,0.0019712741520510058,157.01768138616063,166.59404743655628
118,3.933333333333333,GuardAway(L);GuardAway(R),1,1,2.721793541551644,2.234935508955996,0.041477533012578505,0.0035514293429073085,157.6234154033281,166.54427766758093
119,3.966666666666667,GuardAway(L);GuardAway(R),1,1,2.7503255883924376,2.2380716753235963,0.02853204684079369,0.0031361663676001683,157.7575867731172,166.46827409096025
120,4.0,GuardAway(L);GuardAway(R),1,1,2.7807565893588144,2.247836486929753,0.030431000966376853,0.00976481160615661,158.69530943750345,166.76504149384903
121,4.033333333333333,GuardAway(L);GuardAway(R),1,1,2.800526267490423,2.2585526371002027,0.019769678131608792,0.0107161501704498,158.77060407361293,166.79375684533642
122,4.066666666666666,GuardAway(L);GuardAway(R),1,1,2.81922219096976,2.2677982696580665,0.018695923479336685,0.009245632557863814,158.85100955352445,166.58421145596736
123,4.1,GuardAway(L);GuardAway(R),1,1,2.8503655737807785,2.2851548138217215,0.031143382811018583,0.017356544163654952,158.21221304034526,166.16050344811887
124,4.133333333333334,GuardAway(L);GuardAway(R),1,1,2.888765141905316,2.3047923684834144,0.03839956812453771,0.019637554661692924,157.73597981728457,166.20325637306587
125,4.166666666666667,GuardAway(L);GuardAway(R),1,1,2.9119868240953415,2.3136826677408315,0.023221682190025295,0.008890299257417134,157.7663488567325,166.3403979122853
126,4.2,GuardAway(L);GuardAway(R),1,1,2.9286125445873674,2.317345095493326,0.01662572049202593,0.0036624277524945903,158.69399354712894,166.3177698079341
127,4.233333333333333,GuardAway(L);GuardAway(R),1,1,2.9449979693826163,2.320607556958796,0.01638542479524885,0.0032624614654697126,159.28417483711297,166.5748091067574
128,4.266666666666667,GuardAway(L);GuardAway(R),1,1,2.972513036239974,2.319920429493237,0.027515066857357606,-0.0006871274655586568,160.29822019170066,165.6731706481031
129,4.3,GuardAway(L);GuardAway(R),1,1,2.997424181342314,2.3167501629172755,0.02491114510234027,-0.0031702665759616444,157.95843151603248,164.72355755173874
130,4.333333333333333,GuardAway(L);GuardAway(R),1,1,3.110195195566508,2.3877541451396405,0.11277101422419378,0.07100398222236493,154.84427190425035,162.7061661925736
131,4.366666666666666,ElbowBent(L);GuardAway(L);GuardAway(R),1,1,3.3572982940573937,2.5701063098522643,0.24710309849088574,0.18235216471262383,145.09281302237648,156.04795900085676
132,4.4,ElbowBent(L);GuardAway(L);GuardAway(R),1,1,3.569722639775999,2.7145117294506287,0.21242434571860525,0.1444054195983644,143.50024582495575,152.8679202560107
133,4.433333333333334,ElbowBent(L);GuardAway(L);GuardAway(R),1,1,3.7117518493972117,2.8031764437855466,0.1420292096212128,0.08866471433491796,144.42894968201858,150.7495319349499
134,4.466666666666667,ElbowBent(L);ElbowBent(R);GuardAway(L);GuardAway(R),1,1,3.8126427393156828,2.864960680508233,0.10089088991847106,0.06178423672268618,146.60938801660848,145.33311521894817
135,4.5,ElbowBent(L);ElbowBent(R);GuardAway(L);GuardAway(R),1,1,3.8012256762925603,2.872205712437974,-0.011417063023122509,0.007245031929741241,137.8576056885553,142.64085854404524
136,4.533333333333333,ElbowBent(L);ElbowBent(R);GuardAway(L);GuardAway(R),1,1,3.7677212932188295,2.9115592403050035,-0.033504383073730715,0.03935352786702939,138.62683763588404,144.17009662308945
137,4.566666666666666,ElbowBent(L);GuardAway(L);GuardAway(R),1,1,3.5267311621127586,2.9169370753895025,-0.24099013110607093,0.005377835084499072,122.75852939775,153.8942359496313
138,4.6,ElbowBent(L);GuardAway(L);GuardAway(R),1,1,3.281782616516645,2.8956335900868027,-0.24494854559611356,-0.021303485302699876,123.08802131378512,153.11481510280694
139,4.633333333333334,ElbowBent(L);ElbowBent(R);GuardAway(L);GuardAway(R),1,1,2.98178352932593,2.822437372858704,-0.2999990871907152,-0.07319621722809844,101.9535847560673,128.74626793094257
140,4.666666666666667,ElbowBent(L);ElbowBent(R);GuardAway(L);GuardAway(R),1,1,2.506024705536694,2.504869758511308,-0.47575882378923584,-0.317567614347396,86.95940265151926,81.21889973776194
141,4.7,ElbowBent(L);ElbowBent(R);GuardAway(L);GuardAway(R),1,1,2.0114552130964554,2.095930524653082,-0.4945694924402386,-0.4089392338582263,80.92686492582027,34.79961493317936
142,4.733333333333333,ElbowBent(L);ElbowBent(R);GuardAway(L);GuardAway(R),1,1,1.6162610141892944,1.734444440810871,-0.395194198907161,-0.3614860838422109,69.01506495509122,54.87965387799643
143,4.766666666666667,ElbowBent(L);ElbowBent(R);GuardAway(L);GuardAway(R),1,1,1.2856816555676627,1.4624844321744128,-0.3305793586216317,-0.2719600086364582,69.43833350432645,60.631492952172366
144,4.8,ElbowBent(L);ElbowBent(R);GuardAway(L);GuardAway(R),1,1,1.0862562153054829,1.270368993903571,-0.1994254402621798,-0.19211543827084188,63.48056366600526,58.635879037856675
145,4.833333333333333,ElbowBent(L);ElbowBent(R);GuardAway(L);GuardAway(R),1,1,0.9518403165199762,1.1199525105511836,-0.13441589878550664,-0.15041648335238733,62.79992188281527,54.29201762873724
146,4.866666666666666,ElbowBent(R);GuardAway(L),0,1,0.8589476885665249,1.0291072278780709,-0.09289262795345132,-0.09084528267311276,64.07002141645276,59.619153089879816
147,4.9,ElbowBent(R);GuardAway(L),0,1,0.8315442361051404,0.9660268463689092,-0.027403452461384536,-0.06308038150916162,65.14851967588498,54.4935812826557
148,4.933333333333334,ElbowBent(R);GuardAway(L),0,1,0.7742217166431141,0.9460913507297658,-0.05732251946202627,-0.01993549563914343,74.97012069690797,70.4380665638596
149,4.966666666666667,ElbowBent(R);GuardAway(L),0,1,0.737054307318667,0.9678213295378177,-0.037167409324447176,0.021729978808051942,88.7220018148371,111.8949387713231
150,5.0,ElbowBent(R);GuardAway(L),0,1,0.7597913468599816,1.0291055843523278,0.022737039541314674,0.06128425481451005,96.96292602639517,93.62203145515012
151,5.033333333333333,ElbowBent(R);GuardAway(L),0,1,0.7876047806282057,1.0510943013540173,0.027813433768224094,0.021988717001689473,99.02525977703225,92.49254414721862
152,5.066666666666666,ElbowBent(R);GuardAway(L),0,1,0.8573882333856,1.071117662979447,0.06978345275739428,0.020023361625429725,87.1764239475414,84.64286246137854
153,5.1,ElbowBent(R);GuardAway(L),0,1,0.9051773856018699,1.091691263773186,0.04778915221626989,0.020573600793738933,71.29525121318702,81.73012963538451
154,5.133333333333334,ElbowBent(R);GuardAway(L),0,1,0.8418544165964065,1.1170127447077038,-0.06332296900546341,0.025321480934517915,73.10633169782683,84.91185903655125
155,5.166666666666667,ElbowBent(R);GuardAway(L),0,1,0.9327394237853524,1.300592826081534,0.09088500718894588,0.1835800813738302,67.50883097508118,89.17079286562416
156,5.2,ElbowBent(L);ElbowBent(R);GuardAway(L);GuardAway(R),1,1,1.2712177411043974,1.6644020754720343,0.3384783173190451,0.3638092493905003,96.3791438851726,113.32410321147633
157,5.233333333333333,ElbowBent(L);ElbowBent(R);GuardAway(L);GuardAway(R),1,1,3.064999127649019,2.95046752055256,1.7937813865446217,1.2860654450805256,98.00464217284075,124.12905794587253
158,5.266666666666667,ElbowBent(L);GuardAway(L);GuardAway(R),1,1,3.6286574185922933,4.08609986627709,0.5636582909432741,1.13563234572453,145.13485476132573,150.31750865052885
159,5.3,ElbowBent(L);GuardAway(L);GuardAway(R),1,1,3.3134126378035456,3.89477291421244,-0.31524478078874774,-0.1913269520646499,147.7344493305592,157.66175163090756
160,5.333333333333333,GuardAway(L);GuardAway(R),1,1,2.6998408040401127,3.349313611388497,-0.6135718337634328,-0.545459302823943,153.19557636437858,162.32222666719005
161,5.366666666666666,ElbowBent(L);GuardAway(L);GuardAway(R),1,1,2.1305865279854013,2.8659349788918984,-0.5692542760547115,-0.48337863249659874,133.68742469094678,156.55296832745242
162,5.4,ElbowBent(L);ElbowBent(R);GuardAway(L);GuardAway(R),1,1,1.7188722168835409,2.4725600643489196,-0.4117143111018604,-0.3933749145429788,98.87462144958829,132.90934770994332
163,5.433333333333334,ElbowBent(L);ElbowBent(R);GuardAway(L);GuardAway(R),1,1,1.259790719869886,1.962901306732385,-0.45908149701365475,-0.5096587576165346,78.14474694267484,67.3210749461649
164,5.466666666666667,ElbowBent(L);ElbowBent(R);GuardAway(L);GuardAway(R),1,1,0.9822016694743599,1.5650852055021527,-0.27758905039552617,-0.39781610123023237,55.82566354373271,66.80714856193033
165,5.5,ElbowBent(R);GuardAway(L),0,1,0.8089482258064928,1.3241105683926349,-0.1732534436678671,-0.24097463710951783,51.45295020717873,65.76273029879027
166,5.533333333333333,GuardAway(L),0,1,0.731306069673497,1.261272774413213,-0.07764215613299585,-0.0628377939794218,44.25778814226174,177.25554830463068
167,5.566666666666666,GuardAway(L),0,1,0.6652954373701677,1.2210023937097536,-0.06601063230332926,-0.04027038070345945,44.62615978942236,161.49883978850585
168,5.6,GuardAway(L),0,1,0.6136299067567524,1.2137189213400839,-0.05166553061341528,-0.007283472369669752,47.232174792480876,152.66976800010565
169,5.633333333333334,ElbowBent(R);GuardAway(L),0,1,0.5784347689613006,1.0209877134366727,-0.0351951377954518,-0.19273120790341114,45.6935630631589,28.438262196235858
170,5.666666666666667,,0,0,0.5512316432331873,0.8990553442645141,-0.027203125728113342,-0.12193236917215866,46.06412612076155,35.08749910316353
171,5.7,,0,0,0.5295270634710838,0.7300015478069478,-0.021704579762103493,-0.16905379645756624,46.560531128725835,15.039602638891035
172,5.733333333333333,,0,0,0.5162600876440328,0.6305305939140475,-0.013266975827051053,-0.09947095389290028,49.07256458933831,20.92767994915845
173,5.766666666666667,,0,0,0.5090937842740586,0.6101986828403916,-0.007166303369974147,-0.02033191107365595,50.566482964940526,32.45447167105999
174,5.8,,0,0,0.5069536207652645,0.6135055432639123,-0.0021401635087940907,0.0033068604235206855,49.84394693064851,35.868931730597915
175,5.833333333333333,,0,0,0.5049932431444719,0.6195793164566874,-0.001960377620792597,0.006073773192775134,50.59429826869527,38.87122970875787
176,5.866666666666666,,0,0,0.5328700913897286,0.6274252099057738,0.027876848245256713,0.007845893449086372,53.28488686994232,35.68139547127626
177,5.9,,0,0,0.7014361178679691,0.6423261367859552,0.16856602647824048,0.014900926880181409,62.97405120020924,37.510272526487974
178,5.933333333333334,,0,0,0.8558568509865427,0.6462173342824914,0.15442073311857363,0.003891197496536214,75.35800053278398,49.731681406260435
179,5.966666666666667,ElbowBent(L);GuardAway(R),1,0,1.0546507095148372,0.6886505177613444,0.19879385852829445,0.042433183478853054,95.74623084626825,59.31464187969426
180,6.0,ElbowBent(L);GuardAway(R),1,0,1.3450378330854131,0.7657144373969498,0.29038712357057594,0.07706391963560533,113.61625282817728,68.69831150908651
181,6.033333333333333,ElbowBent(L);GuardAway(R),1,0,1.6739166382734099,0.8462337122062937,0.3288788051879967,0.08051927480934395,112.14829276094954,73.21438796583006
182,6.066666666666666,ElbowBent(L);GuardAway(R),1,0,2.0889309643062557,0.8793881747351252,0.4150143260328458,0.033154462528831474,124.4949206452259,73.32193181686024
183,6.1,ElbowBent(L);GuardAway(R),1,0,2.621915507955139,0.796416628805328,0.5329845436488831,-0.08297154592979716,119.8404337105561,96.86800918199246
184,6.133333333333334,ElbowBent(L);GuardAway(R),1,0,3.4857054250772768,0.6957938855960104,0.8637899171221379,-0.10062274320931763,119.4595324766323,85.66792298474276
185,6.166666666666667,ElbowBent(L);GuardAway(L);GuardAway(R),1,1,3.842798233050048,2.6219882085080704,0.3570928079727711,1.92619432291206,56.671431874881584,152.98744847460463
186,6.2,ElbowBent(L);GuardAway(L);GuardAway(R),1,1,3.6715673596029648,6.292206967135937,-0.1712308734470831,3.6702187586278665,22.184003608666192,179.6483408635862
187,6.233333333333333,ElbowBent(L);ElbowBent(R);GuardAway(L);GuardAway(R),1,1,2.8585185111978606,6.4955137181592795,-0.8130488484051042,0.2033067510233426,72.91817181287963,19.515625614174052
188,6.266666666666667,ElbowBent(L);ElbowBent(R);GuardAway(L);GuardAway(R),1,1,2.337739044256656,4.404657751283202,-0.5207794669412045,-2.0908559668760773,42.011789690085315,136.5066707844034
189,6.3,ElbowBent(L);ElbowBent(R);GuardAway(L);GuardAway(R),1,1,2.29215686800828,3.2421451406592983,-0.04558217624837635,-1.1625126106239039,114.81633514053112,142.8771115577314
190,6.333333333333333,ElbowBent(R);GuardAway(L);GuardAway(R),1,1,2.363948706726954,2.463253522854602,0.07179183871867423,-0.7788916178046961,152.43752966142642,148.33446360508893
191,6.366666666666666,ElbowBent(L);ElbowBent(R);GuardAway(L);GuardAway(R),1,1,2.5163658909230087,2.2282178379191198,0.15241718419605466,-0.23503568493548244,139.83355660577578,141.32020021144612
192,6.4,ElbowBent(L);ElbowBent(R);GuardAway(L);GuardAway(R),1,1,2.247059901621845,2.13422636849552,-0.2693059893011638,-0.09399146942359993,110.73035446112911,116.80669432663468
193,6.433333333333334,ElbowBent(L);ElbowBent(R);GuardAway(L);GuardAway(R),1,1,2.290087584678207,2.2709328496348182,0.043027683056362065,0.1367064811392984,97.70272877496691,102.84591791821575
194,6.466666666666667,ElbowBent(L);ElbowBent(R);GuardAway(L);GuardAway(R),1,1,1.506931890366199,1.6799882194292228,-0.7831556943120079,-0.5909446302055954,76.58931463441611,54.88261404849245
195,6.5,ElbowBent(L);ElbowBent(R);GuardAway(L);GuardAway(R),1,1,1.135108054110132,1.2563231362410605,-0.3718238362560671,-0.4236650831881623,53.34043752199465,33.09746631185212
196,6.533333333333333,ElbowBent(L);ElbowBent(R);GuardAway(L);GuardAway(R),1,1,1.0669645903186562,1.252356085315535,-0.06814346379147573,-0.003967050925525406,29.916972228523473,148.4830024020765
197,6.566666666666666,ElbowBent(L);GuardAway(L);GuardAway(R),1,1,1.0061265180280625,1.3034534849070214,-0.06083807229059368,0.05109739959148629,23.783339677307087,161.4906192499296
198,6.6,ElbowBent(L);GuardAway(L);GuardAway(R),1,1,0.9513809772590898,1.3044235369568624,-0.054745540768972756,0.0009700520498410192,23.197426202520525,167.88133441703545
199,6.633333333333334,ElbowBent(R);GuardAway(L),0,1,0.9061515121060328,1.2978964140323122,-0.045229465153056925,-0.006527122924550266,23.664137715125143,149.81105437999736
200,6.666666666666667,ElbowBent(R);GuardAway(L),0,1,0.8813277369550132,1.3158343607450527,-0.024823775151019634,0.017937946712740516,24.77842225547784,149.36616453610077
201,6.7,GuardAway(L),0,1,0.876113504365801,1.3392061405834423,-0.005214232589212164,0.023371779838389672,23.21420547264293,153.11387865640367
202,6.733333333333333,GuardAway(L),0,1,0.8592899489153549,1.3483604177403319,-0.016823555450446115,0.009154277156889545,33.59940488338924,175.9956674087401
203,6.766666666666667,GuardAway(L),0,1,0.8306893235367308,1.3322935510895624,-0.028600625378624178,-0.016066866650769507,39.76263717712063,174.47408484409223
204,6.8,ElbowBent(R);GuardAway(L),0,1,0.8104469050681536,1.3274258896584277,-0.020242418468577106,-0.004867661431134707,44.67794505329081,147.3641543403788
205,6.833333333333333,ElbowBent(R);GuardAway(L),0,1,0.8158263615240875,1.286685862965003,0.005379456455933851,-0.04074002669342458,47.02007485580803,132.44267314797662
206,6.866666666666666,ElbowBent(R);GuardAway(L),0,1,0.8122317904626462,1.250323034988037,-0.003594571061441343,-0.036362827976966106,53.23249345919649,117.99762589281613
207,6.9,ElbowBent(R);GuardAway(L),0,1,0.8050723121201688,1.1835537610655997,-0.007159478342477321,-0.06676927392243726,56.411506500686116,101.07416112063977
208,6.933333333333334,ElbowBent(R);GuardAway(L),0,1,0.7839842262009932,1.0964811536970984,-0.02108808591917566,-0.08707260736850131,55.866061296482016,79.01635432175217
209,6.966666666666667,ElbowBent(R);GuardAway(L),0,1,0.747447433942917,1.0209063350410785,-0.036536792258076156,-0.0755748186560199,58.41299314546542,68.14606985057213
210,7.0,ElbowBent(R);GuardAway(L),0,1,0.7157148370237209,0.9661349328308768,-0.031732596919196165,-0.054771402210201714,57.70189804643961,53.53106381378401
211,7.033333333333333,,0,0,0.6828427572132265,0.9129897736098704,-0.03287207981049434,-0.05314515922100638,55.57761548210997,49.723472426735974
212,7.066666666666666,,0,0,0.6676298327873467,0.8513557620319179,-0.015212924425879848,-0.06163401157795256,54.12250864362951,29.342927092311278
213,7.1,,0,0,0.7289222333174414,0.8433460083490272,0.06129240053009477,-0.008009753682890697,63.786834022399006,52.19525434649349
214,7.133333333333334,,0,0,0.8881380160974928,0.8557858709774104,0.15921578278005133,0.012439862628383258,72.10174546763378,65.20769196133485
215,7.166666666666667,ElbowBent(L);GuardAway(R),1,0,1.304343726254137,1.0206853172945,0.4162057101566443,0.16489944631708964,108.05903666379658,113.11837561800442
216,7.2,ElbowBent(L);ElbowBent(R);GuardAway(L);GuardAway(R),1,1,1.78185857833543,1.203593079128302,0.47751485208129285,0.18290776183380197,133.137697041082,122.14905627036302
217,7.233333333333333,ElbowBent(L);ElbowBent(R);GuardAway(L);GuardAway(R),1,1,2.1874527338127363,1.35080445269525,0.4055941554773064,0.14721137356694802,122.49577436903759,129.49981104082767
218,7.266666666666667,ElbowBent(L);ElbowBent(R);GuardAway(L);GuardAway(R),1,1,2.630866817454544,1.567990898490689,0.4434140836418079,0.2171864457954389,111.62086013007296,128.144516932749
219,7.3,ElbowBent(R);GuardAway(L);GuardAway(R),1,1,9.139364964658874,3.889310052583299,6.50849814720433,2.32131915409261,162.16910883432195,103.85881615120758
220,7.333333333333333,ElbowBent(L);ElbowBent(R);GuardAway(L);GuardAway(R),1,1,7.568236508893676,3.715835235525815,-1.5711284557651979,-0.17347481705748402,68.04874093820014,76.8129183392229
221,7.366666666666666,ElbowBent(L);ElbowBent(R);GuardAway(L);GuardAway(R),1,1,6.163152039102027,3.404121836019423,-1.4050844697916496,-0.3117133995063921,67.70530391127429,70.1395280589293
222,7.4,ElbowBent(L);ElbowBent(R);GuardAway(L);GuardAway(R),1,1,6.4944651116665,4.359241211013854,0.3313130725644733,0.9551193749944313,71.59889173820612,80.30518465139656
223,7.433333333333334,ElbowBent(L);ElbowBent(R);GuardAway(L);GuardAway(R),1,1,6.167557775382486,4.921742237189586,-0.32690733628401425,0.5625010261757319,85.85502831024745,83.20831725003437
224,7.466666666666667,ElbowBent(L);ElbowBent(R);GuardAway(L);GuardAway(R),1,1,6.5688301203493955,5.795296819874851,0.4012723449669098,0.8735545826852649,101.68908065514185,93.6555233596604
225,7.5,ElbowBent(L);ElbowBent(R);GuardAway(L);GuardAway(R),1,1,5.826966687836396,6.680855935413245,-0.7418634325129991,0.8855591155383937,98.23974964051747,135.7359192072068
226,7.533333333333333,ElbowBent(L);ElbowBent(R);GuardAway(L);GuardAway(R),1,1,5.257905602491133,8.15898725227385,-0.5690610853452638,1.4781313168606047,91.42788027509519,141.01997618338606
227,7.566666666666666,ElbowBent(L);ElbowBent(R);GuardAway(L);GuardAway(R),1,1,4.636254361967897,8.283022000598834,-0.621651240523236,0.12403474832498418,86.61978399235035,128.7802156637704
228,7.6,ElbowBent(L);ElbowBent(R);GuardAway(L);GuardAway(R),1,1,3.2665131479450107,6.17189519330162,-1.369741214022886,-2.1111268072972136,70.8578163550812,91.5595817571944
229,7.633333333333334,ElbowBent(L);ElbowBent(R);GuardAway(L);GuardAway(R),1,1,2.386254257296559,4.519685285890777,-0.8802588906484519,-1.6522099074108434,50.56986542482937,67.03844907035317
230,7.666666666666667,ElbowBent(L);ElbowBent(R);GuardAway(L);GuardAway(R),1,1,1.816382401262636,3.190900932453903,-0.5698718560339229,-1.3287843534368737,46.59728120929065,10.00893243882611
231,7.7,ElbowBent(L);ElbowBent(R);GuardAway(L);GuardAway(R),1,1,1.4264351143005538,2.2821933099439375,-0.38994728696208214,-0.9087076225099655,51.32676287331978,34.797323010241485
232,7.733333333333333,ElbowBent(L);ElbowBent(R);GuardAway(L);GuardAway(R),1,1,1.169836998278972,1.7374341922159324,-0.2565981160215818,-0.5447591177280051,47.82253149740939,44.383042960898564
233,7.766666666666667,ElbowBent(L);ElbowBent(R);GuardAway(L);GuardAway(R),1,1,1.001612493951231,1.3538560907288102,-0.16822450432774105,-0.38357810148712224,46.57339807562283,35.65166470537004
234,7.8,ElbowBent(R);GuardAway(L),0,1,0.8960590192895056,1.1533590333095927,-0.10555347466172538,-0.20049705741921753,47.0036925638426,53.60732648292744
235,7.833333333333333,ElbowBent(R);GuardAway(L),0,1,0.832538049477763,1.0531450322482225,-0.0635209698117426,-0.10021400106137013,46.839492798193476,63.03195827353351
236,7.866666666666666,ElbowBent(R);GuardAway(L),0,1,0.7811294146818409,1.0104794453787274,-0.05140863479592206,-0.042665586869495176,48.538029835430684,67.35086699436332
237,7.9,ElbowBent(R);GuardAway(L),0,1,0.7345125413287945,0.9723455379750451,-0.04661687335304643,-0.03813390740368228,50.63781147373794,59.52756144404603
238,7.933333333333334,,0,0,0.7106723439417879,0.8596531163849827,-0.0238401973870066,-0.11269242159006243,52.42927575688518,22.187829176846193
239,7.966666666666667,,0,0,0.6929417012413637,0.8149217680979075,-0.017730642700424237,-0.044731348287075146,52.37965296235514,23.914149718887515
240,8.0,,0,0,0.667510850116398,0.7966198236984597,-0.02543085112496568,-0.018301944399447767,63.08696703017088,24.51168147604032
241,8.033333333333333,,0,0,0.666633791341849,0.8031276090074302,-0.0008770587745490221,0.0065077853089704485,73.58029336830054,10.904864804910357
242,8.066666666666666,,0,0,0.7077722677077638,0.8606821290624764,0.04113847636591483,0.05755452005504624,82.07706134053738,39.620730134513096
243,8.1,,0,0,0.7961871129952076,0.9706704168537525,0.08841484528744381,0.10998828779127612,86.97487677454602,87.4463144075702
244,8.133333333333333,,0,0,0.8838363558736372,1.0435910355016271,0.08764924287842957,0.07292061864787458,82.18331185065045,95.04316523044322
245,8.166666666666666,,0,0,0.9044966220371737,1.0093730764036497,0.020660266163536556,-0.034217959097977424,73.91408543053035,33.51090419910094
246,8.2,,0,0,0.8975944542286153,0.9498856246245537,-0.006902167808558457,-0.05948745177909598,70.63004896190414,61.49796987749671
247,8.233333333333333,,0,0,0.8769984863551703,0.8943762880355662,-0.020595967873444976,-0.05550933658898749,68.49707731937718,81.18315243940097
248,8.266666666666667,,0,0,0.8632429192648405,0.8770005893419712,-0.013755567090329768,-0.01737569869359501,66.60756279939716,82.01221470452735
249,8.3,,0,0,0.838861913711173,0.8519836866613263,-0.024381005553667512,-0.025016902680644937,65.29301238583199,73.31765368694914
250,8.333333333333334,,0,0,0.8239965735627583,0.834365231023801,-0.014865340148414674,-0.017618455637525288,65.35388943550396,72.45476011752552
251,8.366666666666667,,0,0,0.7846855229507794,0.8174759388711503,-0.039311050611978926,-0.01688929215265067,65.79988311626133,69.76504056141563
252,8.4,,0,0,0.7558631065699911,0.8186247798683073,-0.028822416380788307,0.0011488409971569524,64.69853882433027,58.902876473979106
253,8.433333333333334,,0,0,0.7072894063872952,0.8235168579598557,-0.04857370018269591,0.004892078091548457,61.94979857117732,56.71168270369081
254,8.466666666666667,,0,0,0.6512607839254323,0.829110371696742,-0.05602862246186291,0.005593513736886213,64.84204660584112,57.30793177196908
255,8.5,,0,0,0.5720921034873386,0.8412783110653627,-0.07916868043809366,0.012167939368620706,65.41614327289606,58.96359784013508
256,8.533333333333333,,0,0,0.5369458302665984,0.8546366501192658,-0.035146273220740265,0.013358339053903157,64.81940836388361,60.21336207504496
257,8.566666666666666,,0,0,0.5274361009099255,0.8797557026201304,-0.009509729356672825,0.025119052500864547,67.19925611282571,61.369084737726865
258,8.6,,0,0,0.5938048845635303,0.9352457896737598,0.06636878365360477,0.055490087053629455,75.37316723884172,74.20372490156765
259,8.633333333333333,,0,0,0.7228243401247023,1.040465780215225,0.129019455561172,0.10521999054146525,86.91828087676156,82.61023321570902
260,8.666666666666666,ElbowBent(R);GuardAway(L),0,1,0.8483365700917755,1.1316794288853531,0.12551222996707323,0.09121364867012804,99.01549910499881,86.52334477381784
261,8.7,ElbowBent(R);GuardAway(L),0,1,0.9842821926719552,1.2048873257544521,0.13594562258017961,0.07320789686909901,95.31445300538893,95.2505502754158
262,8.733333333333333,ElbowBent(L);ElbowBent(R);GuardAway(L);GuardAway(R),1,1,1.1687647216578325,1.2876121095610942,0.18448252898587736,0.08272478380664205,80.08547466428878,94.82086329717168
263,8.766666666666667,ElbowBent(L);ElbowBent(R);GuardAway(L);GuardAway(R),1,1,1.965728490168709,2.6045409698524784,0.7969637685108766,1.3169288602913842,66.69450542529454,93.06601206218416
264,8.8,ElbowBent(L);ElbowBent(R);GuardAway(L);GuardAway(R),1,1,1.805932626432069,2.3916755075745284,-0.15979586373664012,-0.21286546227795,57.37169965698806,96.05575839561314
265,8.833333333333334,ElbowBent(L);ElbowBent(R);GuardAway(L);GuardAway(R),1,1,2.1955807804894314,2.351677578394621,0.3896481540573624,-0.0399979291799073,91.09641643696601,104.94909204700758
266,8.866666666666667,ElbowBent(L);ElbowBent(R);GuardAway(L);GuardAway(R),1,1,2.4392861955761727,2.357568975109985,0.24370541508674126,0.005891396715363761,100.88526617975714,102.04388390230075
267,8.9,ElbowBent(L);ElbowBent(R);GuardAway(L);GuardAway(R),1,1,2.971079423716215,2.5432076102371974,0.5317932281400424,0.18563863512721257,110.10084395670953,111.00970699277138
268,8.933333333333334,ElbowBent(L);ElbowBent(R);GuardAway(L);GuardAway(R),1,1,2.863615982943453,2.733827097640776,-0.10746344077276193,0.1906194874035787,95.89398245915834,99.20923389039368
269,8.966666666666667,ElbowBent(L);ElbowBent(R);GuardAway(L);GuardAway(R),1,1,2.140396001233578,2.0972174464685716,-0.723219981709875,-0.6366096511722046,62.15763571922305,81.21077899266336
270,9.0,ElbowBent(L);ElbowBent(R);GuardAway(L);GuardAway(R),1,1,1.7928329077122171,1.6936433035395084,-0.34756309352136094,-0.40357414292906313,62.1524254882201,116.00233711452695
271,9.033333333333333,ElbowBent(L);ElbowBent(R);GuardAway(L);GuardAway(R),1,1,1.7406252346483266,1.42317004824589,-0.052207673063890514,-0.27047325529361843,84.51067174761756,125.44048902283522
272,9.066666666666666,ElbowBent(L);ElbowBent(R);GuardAway(L);GuardAway(R),1,1,1.7879293285800837,1.1779206813253802,0.04730409393175705,-0.2452493669205098,99.24738074529081,109.35200769389769
273,9.1,ElbowBent(L);ElbowBent(R);GuardAway(L);GuardAway(R),1,1,1.9603939578157883,0.9646177736718416,0.1724646292357046,-0.21330290765353854,116.88277321265352,73.3934765053944
274,9.133333333333333,ElbowBent(L);ElbowBent(R);GuardAway(L);GuardAway(R),1,1,2.619451124458944,0.9557389470732709,0.6590571666431555,-0.008878826598570755,110.70657042304852,93.85304396486974
275,9.166666666666666,ElbowBent(L);ElbowBent(R);GuardAway(L);GuardAway(R),1,1,4.224947562349264,1.4965651796949624,1.6054964378903205,0.5408262326216915,110.28423647328046,93.2946264545877
276,9.2,ElbowBent(R);GuardAway(L);GuardAway(R),1,1,7.118196937475126,3.0917749361280094,2.893249375125862,1.595209756433047,171.55022057920905,75.49580902995764
277,9.233333333333333,ElbowBent(L);ElbowBent(R);GuardAway(L);GuardAway(R),1,1,5.831088945791066,3.4839945647834534,-1.28710799168406,0.392219628655444,60.68443081968049,98.57995303838084
278,9.266666666666667,ElbowBent(L);ElbowBent(R);GuardAway(L);GuardAway(R),1,1,5.342404464446494,4.158500592369601,-0.4886844813445723,0.6745060275861472,132.12090340789214,103.49729024994635
279,9.3,ElbowBent(L);ElbowBent(R);GuardAway(L);GuardAway(R),1,1,5.229839190978938,4.489607653360818,-0.11256527346755618,0.33110706099121767,140.97908687042275,115.15708560619636
280,9.333333333333334,ElbowBent(L);ElbowBent(R);GuardAway(L);GuardAway(R),1,1,4.618286690084332,4.518001193418938,-0.6115525008946054,0.02839354005811945,120.17441684159819,107.32339808131734
281,9.366666666666667,ElbowBent(L);ElbowBent(R);GuardAway(L);GuardAway(R),1,1,3.3880385553975807,3.472324646587899,-1.2302481346867515,-1.0456765468310385,80.60871595513902,107.0533237925392
282,9.4,ElbowBent(L);ElbowBent(R);GuardAway(L);GuardAway(R),1,1,2.5045038145847625,2.5930517559098356,-0.8835347408128182,-0.8792728906780636,68.27537417152625,130.683799927519
283,9.433333333333334,ElbowBent(L);GuardAway(L);GuardAway(R),1,1,1.987581623572221,2.1660673609552124,-0.5169221910125414,-0.42698439495462326,61.84269743858261,168.8397260416047
284,9.466666666666667,ElbowBent(L);GuardAway(L);GuardAway(R),1,1,1.6890601686773639,1.819384157343725,-0.29852145489485715,-0.3466832036114873,70.8723135746164,156.31073224946454
285,9.5,ElbowBent(L);GuardAway(L);GuardAway(R),1,1,1.5579120620998104,1.569880966140142,-0.1311481065775535,-0.249503191203583,79.87219229114535,162.9255369007452
286,9.533333333333333,ElbowBent(L);GuardAway(L);GuardAway(R),1,1,1.4479742190954858,1.4140043235619635,-0.10993784300432452,-0.15587664257817857,75.29856247961288,168.3810857492201
287,9.566666666666666,ElbowBent(L);ElbowBent(R);GuardAway(L);GuardAway(R),1,1,1.241334433034776,1.282487874554738,-0.20663978606070987,-0.1315164490072256,34.26881693764126,149.95125291932396
288,9.6,ElbowBent(L);ElbowBent(R);GuardAway(L);GuardAway(R),1,1,1.3586519061208102,1.149331629805995,0.11731747308603424,-0.13315624474874288,70.63816841591073,92.19692051171998
289,9.633333333333333,ElbowBent(L);ElbowBent(R);GuardAway(L);GuardAway(R),1,1,1.9948371339931839,1.3646682701112762,0.6361852278723736,0.2153366403052812,74.19007095798271,101.67790283210068
290,9.666666666666666,ElbowBent(L);ElbowBent(R);GuardAway(L);GuardAway(R),1,1,3.4000769175281587,2.80308322417868,1.4052397835349748,1.4384149540674038,68.49945399431097,82.7471395679884
291,9.7,ElbowBent(L);ElbowBent(R);GuardAway(L);GuardAway(R),1,1,5.998642818178431,5.284599410889077,2.5985659006502724,2.4815161867103965,106.77700486370497,107.0567245143061
292,9.733333333333333,ElbowBent(L);ElbowBent(R);GuardAway(L);GuardAway(R),1,1,5.597005367189094,4.927892847155493,-0.40163745098933745,-0.35670656373358334,123.61947559718696,114.7477612025954
293,9.766666666666667,ElbowBent(L);ElbowBent(R);GuardAway(L);GuardAway(R),1,1,5.8824348339385875,6.470872981795704,0.2854294667494939,1.542980134640211,119.50869968962752,126.10148122948493
294,9.8,ElbowBent(L);ElbowBent(R);GuardAway(L);GuardAway(R),1,1,5.051478444064422,6.6245077455289,-0.8309563898741654,0.15363476373319607,98.15132280705487,101.77238584860763
295,9.833333333333334,ElbowBent(L);ElbowBent(R);GuardAway(L);GuardAway(R),1,1,3.892100545374039,5.753341446604577,-1.159377898690383,-0.8711662989243232,78.11946501916515,123.67505889525766
296,9.866666666666667,ElbowBent(L);ElbowBent(R);GuardAway(L);GuardAway(R),1,1,2.786392407160308,4.360936529148909,-1.105708138213731,-1.3924049174556679,71.41941970104115,81.69427232650924
297,9.9,ElbowBent(L);ElbowBent(R);GuardAway(L);GuardAway(R),1,1,1.9419847368139722,3.1246997529594673,-0.8444076703463357,-1.236236776189442,57.64050667421255,59.32447387237377
298,9.933333333333334,ElbowBent(L);ElbowBent(R);GuardAway(L);GuardAway(R),1,1,1.4165430617240424,2.3217311805258145,-0.5254416750899298,-0.8029685724336528,55.13419955633185,72.83745774406728
299,9.966666666666667,ElbowBent(L);ElbowBent(R);GuardAway(L);GuardAway(R),1,1,1.1020882851421328,1.8402151814669128,-0.3144547765819097,-0.48151599905890174,47.75728524156097,92.01252136937329
300,10.0,ElbowBent(R);GuardAway(L),0,1,0.8961742612200927,1.5043374003214447,-0.20591402392204006,-0.33587778114546807,45.01510620674263,74.44492070542233
301,10.033333333333333,ElbowBent(R);GuardAway(L),0,1,0.7594693118032492,1.220692080866504,-0.13670494941684352,-0.28364531945494065,44.052162134136374,51.78873171846503
302,10.066666666666666,ElbowBent(R);GuardAway(L),0,1,0.6520453431182154,0.9378215389144285,-0.10742396868503379,-0.2828705419520755,44.10413190641275,18.583786360364616
303,10.1,,0,0,0.5738257915440688,0.8063467295934171,-0.07821955157414662,-0.1314748093210114,44.60184708080671,8.74394884225182
304,10.133333333333333,,0,0,0.5122156313887518,0.7316383329477147,-0.06161016015531695,-0.07470839664570239,50.332938671981864,2.7330876651165736
305,10.166666666666666,,0,0,0.5017933648022246,0.6741433317361796,-0.010422266586527229,-0.05749500121153517,53.59255264734266,11.887482809916435
306,10.2,,0,0,0.5224219759195077,0.6874588517341469,0.02062861111728309,0.013315519997967318,53.955166191946105,27.037361735154754
307,10.233333333333333,,0,0,0.5669410417932796,0.7515145865005708,0.04451906587377197,0.0640557347664239,70.462669979323,37.673807017506526
308,10.266666666666667,ElbowBent(L);ElbowBent(R);GuardAway(L);GuardAway(R),1,1,1.1303600291390339,2.5933208768574376,0.5634189873457542,1.8418062903568668,76.88592580526742,143.69471125426026
309,10.3,ElbowBent(L);GuardAway(L);GuardAway(R),1,1,2.3212923163511046,5.722705458948329,1.1909322872120707,3.129384582090891,70.80579589503074,160.7877568845661
310,10.333333333333334,ElbowBent(L);ElbowBent(R);GuardAway(L);GuardAway(R),1,1,5.346816177939923,12.821963148114262,3.0255238615888183,7.099257689165934,59.82910682793156,145.01251266720993
311,10.366666666666667,ElbowBent(L);ElbowBent(R);GuardAway(L);GuardAway(R),1,1,31.742890276966968,81.43310111915113,26.396074099027047,68.61113797103687,60.31124801232482,149.76816689123117
312,10.4,ElbowBent(L);GuardAway(L);GuardAway(R),1,1,22.794631957716117,59.2180113314058,-8.94825831925085,-22.215089787745335,58.21680769449643,165.7766437942502
313,10.433333333333334,ElbowBent(L);GuardAway(L);GuardAway(R),1,1,16.2058026417203,43.039987807690615,-6.588829315995817,-16.178023523715183,73.5276063205746,150.779928147145
314,10.466666666666667,ElbowBent(L);ElbowBent(R);GuardAway(L);GuardAway(R),1,1,11.491016661744649,29.96570209858426,-4.714785979975652,-13.074285709106356,29.632957675323965,54.27772514077771
315,10.5,ElbowBent(L);ElbowBent(R);GuardAway(L);GuardAway(R),1,1,8.427820065013123,22.009784993313463,-3.063196596731526,-7.955917105270796,44.458783342900816,20.501878474701215
316,10.533333333333333,ElbowBent(L);ElbowBent(R);GuardAway(L);GuardAway(R),1,1,6.152034937955206,15.127871382017332,-2.275785127057916,-6.881913611296131,27.977124400613054,56.51450886634044
317,10.566666666666666,ElbowBent(L);ElbowBent(R);GuardAway(L);GuardAway(R),1,1,4.626821373526652,10.577974603529322,-1.5252135644285545,-4.54989677848801,42.979530621662434,74.68118682430095
318,10.6,ElbowBent(L);ElbowBent(R);GuardAway(L);GuardAway(R),1,1,3.4202416706860825,7.379382471122282,-1.2065797028405694,-3.1985921324070397,62.595494325063584,61.54945187215993
319,10.633333333333333,ElbowBent(L);ElbowBent(R);GuardAway(L);GuardAway(R),1,1,2.619427918979953,5.266461497358545,-0.8008137517061296,-2.112920973763737,62.135561007781384,64.39562020635405
320,10.666666666666666,ElbowBent(L);ElbowBent(R);GuardAway(L);GuardAway(R),1,1,1.9575095782229783,3.783892059280337,-0.6619183407569746,-1.4825694380782082,68.03418695376519,60.902148553119524
321,10.7,ElbowBent(L);ElbowBent(R);GuardAway(L);GuardAway(R),1,1,1.490996629751706,2.769931545170495,-0.4665129484712722,-1.0139605141098418,67.09729574128924,62.62771990606315
322,10.733333333333333,ElbowBent(L);ElbowBent(R);GuardAway(L);GuardAway(R),1,1,1.131452033488371,2.108287937559058,-0.359544596263335,-0.6616436076114369,70.51881182110839,62.07841431539204
323,10.766666666666667,ElbowBent(R);GuardAway(L),0,1,0.8471803440819519,1.627086901659392,-0.2842716894064192,-0.4812010358996661,75.3900569231117,53.17951389839943
324,10.8,ElbowBent(R);GuardAway(L),0,1,0.7170422258714713,1.3133219675188665,-0.1301381182104806,-0.31376493414052553,74.00465563102759,55.93233385659564
325,10.833333333333334,ElbowBent(R);GuardAway(L),0,1,0.6449044309999824,1.084438840871569,-0.07213779487148886,-0.22888312664729749,71.3862752933041,40.86829733283232
326,10.866666666666667,ElbowBent(R);GuardAway(L),0,1,0.5960930862919382,0.9908365706623099,-0.04881134470804416,-0.09360227020925915,59.420838797627226,57.233133071091814
327,10.9,ElbowBent(R);GuardAway(L),0,1,0.669280441752719,0.9758027461538865,0.0731873554607807,-0.015033824508423388,63.19902392627064,60.43544453668508
328,10.933333333333334,ElbowBent(R);GuardAway(L),0,1,0.7607242333072264,1.0508813321777746,0.09144379155450744,0.07507858602388806,68.15211149487641,71.29202423747687
329,10.966666666666667,ElbowBent(L);ElbowBent(R);GuardAway(L);GuardAway(R),1,1,1.2374707548497785,1.4209167834036602,0.47674652154255215,0.37003545122588566,80.96639879284734,85.34152142495907
330,11.0,ElbowBent(L);ElbowBent(R);GuardAway(L);GuardAway(R),1,1,1.732837315988881,1.7676385599208708,0.4953665611391025,0.3467217765172106,98.00011406020803,113.65985593034513
331,11.033333333333333,ElbowBent(L);ElbowBent(R);GuardAway(L);GuardAway(R),1,1,2.172833471678493,2.0390859963940455,0.4399961556896119,0.2714474364731747,117.29318766215046,135.86170628762335
332,11.066666666666666,ElbowBent(L);ElbowBent(R);GuardAway(L);GuardAway(R),1,1,2.54772242381797,2.213464685898227,0.3748889521394769,0.17437868950418167,135.99916814378545,148.07039810890308
333,11.1,GuardAway(L);GuardAway(R),1,1,2.8126606921827975,2.3706414018811985,0.2649382683648276,0.15717671598297134,150.10981191891696,157.9404747811349
334,11.133333333333333,GuardAway(L);GuardAway(R),1,1,2.991821154621235,2.5274761620141755,0.17916046243843775,0.15683476013297692,167.25201511503516,165.53527206284792
335,11.166666666666666,GuardAway(L);GuardAway(R),1,1,3.0357753850681615,2.56700979232392,0.04395423044692626,0.03953363030974444,170.9890773852157,171.28397436225885
336,11.2,GuardAway(L);GuardAway(R),1,1,3.042826954246477,2.5726751021074845,0.007051569178315731,0.005665309783564609,171.20337111843656,171.8082260155779
337,11.233333333333333,GuardAway(L);GuardAway(R),1,1,3.0333478797589217,2.536929402748923,-0.009479074487555472,-0.035745699358561644,169.88998547089918,175.72377870132635
338,11.266666666666667,GuardAway(L);GuardAway(R),1,1,3.0045269381707307,2.49900627187655,-0.02882094158819104,-0.03792313087237309,163.64306989680324,173.52618890316603
339,11.3,GuardAway(L);GuardAway(R),1,1,2.9661541028242393,2.443762889033062,-0.038372835346491385,-0.055243382843487954,163.67624460464847,170.00752748303591
340,11.333333333333334,GuardAway(L);GuardAway(R),1,1,2.9057230212080545,2.3694967765710406,-0.06043108161618482,-0.0742661124620212,161.59151087180857,167.18862356607622
